batch_id,selected_date,selection_rank,company_id,legal_entity,priority_version,evidence_confidence,process_confidence,qa_result,verified_source_count,source_coverage,coverage_source_ids,unassessed_field_count,expected_information_gain,priority_reason
NBCC-2026-10-06-01,2026-10-06,1,P21,Privatbrauerei MORITZ FIEGE GmbH & Co. KG,2.0.0,B,B,PASS,3,ENERGY_TRANSITION | PROCESS,S-P21-02,15,HIGH,"QA PASS; rank by worst confidence, evidence/process confidence, documentary gain, coverage breadth, unassessed fields, verified URLs (cap 4), then company ID. Documentary gain proxy HIGH: 15 unassessed fields; verified coverage=ENERGY_TRANSITION,PROCESS; process coverage requires a source-linked firm-specific mapping. Energy/management coverage uses explicit source types, not inferred facts. Historical projects may inform coding but do not prove current deployment. This is not a predicted numeric-field yield or an SME-ETOI score."
NBCC-2026-10-06-01,2026-10-06,2,P27,BCE Special Ceramics GmbH,2.0.0,B,B,PASS,2,ENERGY_TRANSITION | PROCESS,S-P27-02 | S-P27-03,15,HIGH,"QA PASS; rank by worst confidence, evidence/process confidence, documentary gain, coverage breadth, unassessed fields, verified URLs (cap 4), then company ID. Documentary gain proxy HIGH: 15 unassessed fields; verified coverage=ENERGY_TRANSITION,PROCESS; process coverage requires a source-linked firm-specific mapping. Energy/management coverage uses explicit source types, not inferred facts. Historical projects may inform coding but do not prove current deployment. This is not a predicted numeric-field yield or an SME-ETOI score."
NBCC-2026-10-06-02,2026-10-06,1,P30,Privat-Brauerei Zötler GmbH,2.0.0,B,B,PASS,2,ENERGY_TRANSITION | PROCESS,S-P30-02,15,HIGH,"QA PASS; rank by worst confidence, evidence/process confidence, documentary gain, coverage breadth, unassessed fields, verified URLs (cap 4), then company ID. Documentary gain proxy HIGH: 15 unassessed fields; verified coverage=ENERGY_TRANSITION,PROCESS; process coverage requires a source-linked firm-specific mapping. Energy/management coverage uses explicit source types, not inferred facts. Historical projects may inform coding but do not prove current deployment. This is not a predicted numeric-field yield or an SME-ETOI score."
NBCC-2026-10-06-02,2026-10-06,2,P31,Brauerei Clemens Härle KG,2.0.0,B,B,PASS,2,ENERGY_TRANSITION | PROCESS,S-P31-02,15,HIGH,"QA PASS; rank by worst confidence, evidence/process confidence, documentary gain, coverage breadth, unassessed fields, verified URLs (cap 4), then company ID. Documentary gain proxy HIGH: 15 unassessed fields; verified coverage=ENERGY_TRANSITION,PROCESS; process coverage requires a source-linked firm-specific mapping. Energy/management coverage uses explicit source types, not inferred facts. Historical projects may inform coding but do not prove current deployment. This is not a predicted numeric-field yield or an SME-ETOI score."
NBCC-2026-10-06-03,2026-10-06,1,P43,WZR ceramic solutions GmbH,2.0.0,B,B,PASS,2,ENERGY_TRANSITION | PROCESS,S-P43-02,15,HIGH,"QA PASS; rank by worst confidence, evidence/process confidence, documentary gain, coverage breadth, unassessed fields, verified URLs (cap 4), then company ID. Documentary gain proxy HIGH: 15 unassessed fields; verified coverage=ENERGY_TRANSITION,PROCESS; process coverage requires a source-linked firm-specific mapping. Energy/management coverage uses explicit source types, not inferred facts. Historical projects may inform coding but do not prove current deployment. This is not a predicted numeric-field yield or an SME-ETOI score."
NBCC-2026-10-06-03,2026-10-06,2,P13,Schmalriede-Zink GmbH,2.0.0,B,B,PASS,3,PROCESS,S-P13-03,15,MEDIUM,"QA PASS; rank by worst confidence, evidence/process confidence, documentary gain, coverage breadth, unassessed fields, verified URLs (cap 4), then company ID. Documentary gain proxy MEDIUM: 15 unassessed fields; verified coverage=PROCESS; process coverage requires a source-linked firm-specific mapping. Energy/management coverage uses explicit source types, not inferred facts. Historical projects may inform coding but do not prove current deployment. This is not a predicted numeric-field yield or an SME-ETOI score."
NBCC-2026-10-07-01,2026-10-07,1,P25,Scheplast GmbH,2.0.0,B,B,PASS,3,PROCESS,S-P25-03,15,MEDIUM,"QA PASS; rank by worst confidence, evidence/process confidence, documentary gain, coverage breadth, unassessed fields, verified URLs (cap 4), then company ID. Documentary gain proxy MEDIUM: 15 unassessed fields; verified coverage=PROCESS; process coverage requires a source-linked firm-specific mapping. Energy/management coverage uses explicit source types, not inferred facts. Historical projects may inform coding but do not prove current deployment. This is not a predicted numeric-field yield or an SME-ETOI score."
NBCC-2026-10-07-01,2026-10-07,2,P15,ELOXAL BARZ GmbH & Co KG,2.0.0,B,B,PASS,2,PROCESS,S-P15-01,15,MEDIUM,"QA PASS; rank by worst confidence, evidence/process confidence, documentary gain, coverage breadth, unassessed fields, verified URLs (cap 4), then company ID. Documentary gain proxy MEDIUM: 15 unassessed fields; verified coverage=PROCESS; process coverage requires a source-linked firm-specific mapping. Energy/management coverage uses explicit source types, not inferred facts. Historical projects may inform coding but do not prove current deployment. This is not a predicted numeric-field yield or an SME-ETOI score."
NBCC-2026-10-07-02,2026-10-07,1,P26,Barth Galvanik GmbH,2.0.0,B,B,PASS,2,PROCESS,S-P26-01,15,MEDIUM,"QA PASS; rank by worst confidence, evidence/process confidence, documentary gain, coverage breadth, unassessed fields, verified URLs (cap 4), then company ID. Documentary gain proxy MEDIUM: 15 unassessed fields; verified coverage=PROCESS; process coverage requires a source-linked firm-specific mapping. Energy/management coverage uses explicit source types, not inferred facts. Historical projects may inform coding but do not prove current deployment. This is not a predicted numeric-field yield or an SME-ETOI score."
NBCC-2026-10-07-02,2026-10-07,2,P28,Berg Brauerei Ulrich Zimmermann GmbH & Co. KG,2.0.0,B,B,PASS,2,PROCESS,S-P28-02,15,MEDIUM,"QA PASS; rank by worst confidence, evidence/process confidence, documentary gain, coverage breadth, unassessed fields, verified URLs (cap 4), then company ID. Documentary gain proxy MEDIUM: 15 unassessed fields; verified coverage=PROCESS; process coverage requires a source-linked firm-specific mapping. Energy/management coverage uses explicit source types, not inferred facts. Historical projects may inform coding but do not prove current deployment. This is not a predicted numeric-field yield or an SME-ETOI score."
NBCC-2026-10-07-02,2026-10-07,3,P29,Meckatzer Löwenbräu Benedikt Weiß KG,2.0.0,B,B,PASS,2,PROCESS,S-P29-02,15,MEDIUM,"QA PASS; rank by worst confidence, evidence/process confidence, documentary gain, coverage breadth, unassessed fields, verified URLs (cap 4), then company ID. Documentary gain proxy MEDIUM: 15 unassessed fields; verified coverage=PROCESS; process coverage requires a source-linked firm-specific mapping. Energy/management coverage uses explicit source types, not inferred facts. Historical projects may inform coding but do not prove current deployment. This is not a predicted numeric-field yield or an SME-ETOI score."
NBCC-2026-10-07-02,2026-10-07,4,P33,Gindele GmbH,2.0.0,B,B,PASS,2,PROCESS,S-P33-02,15,MEDIUM,"QA PASS; rank by worst confidence, evidence/process confidence, documentary gain, coverage breadth, unassessed fields, verified URLs (cap 4), then company ID. Documentary gain proxy MEDIUM: 15 unassessed fields; verified coverage=PROCESS; process coverage requires a source-linked firm-specific mapping. Energy/management coverage uses explicit source types, not inferred facts. Historical projects may inform coding but do not prove current deployment. This is not a predicted numeric-field yield or an SME-ETOI score."
NBCC-2026-10-07-03,2026-10-07,1,P35,MACK KUNSTSTOFFTECHNIK GMBH & CO. KG,2.0.0,B,B,PASS,2,PROCESS,S-P35-02,15,MEDIUM,"QA PASS; rank by worst confidence, evidence/process confidence, documentary gain, coverage breadth, unassessed fields, verified URLs (cap 4), then company ID. Documentary gain proxy MEDIUM: 15 unassessed fields; verified coverage=PROCESS; process coverage requires a source-linked firm-specific mapping. Energy/management coverage uses explicit source types, not inferred facts. Historical projects may inform coding but do not prove current deployment. This is not a predicted numeric-field yield or an SME-ETOI score."
NBCC-2026-10-07-03,2026-10-07,2,P36,Kunststofftechnik Borgmann GmbH,2.0.0,B,B,PASS,2,PROCESS,S-P36-02,15,MEDIUM,"QA PASS; rank by worst confidence, evidence/process confidence, documentary gain, coverage breadth, unassessed fields, verified URLs (cap 4), then company ID. Documentary gain proxy MEDIUM: 15 unassessed fields; verified coverage=PROCESS; process coverage requires a source-linked firm-specific mapping. Energy/management coverage uses explicit source types, not inferred facts. Historical projects may inform coding but do not prove current deployment. This is not a predicted numeric-field yield or an SME-ETOI score."
NBCC-2026-10-07-03,2026-10-07,3,P38,Krämer + Eckert GmbH & Co. KG,2.0.0,B,B,PASS,2,PROCESS,S-P38-02,15,MEDIUM,"QA PASS; rank by worst confidence, evidence/process confidence, documentary gain, coverage breadth, unassessed fields, verified URLs (cap 4), then company ID. Documentary gain proxy MEDIUM: 15 unassessed fields; verified coverage=PROCESS; process coverage requires a source-linked firm-specific mapping. Energy/management coverage uses explicit source types, not inferred facts. Historical projects may inform coding but do not prove current deployment. This is not a predicted numeric-field yield or an SME-ETOI score."
NBCC-2026-10-07-03,2026-10-07,4,P39,Eloxal Höfler GmbH,2.0.0,B,B,PASS,2,PROCESS,S-P39-02,15,MEDIUM,"QA PASS; rank by worst confidence, evidence/process confidence, documentary gain, coverage breadth, unassessed fields, verified URLs (cap 4), then company ID. Documentary gain proxy MEDIUM: 15 unassessed fields; verified coverage=PROCESS; process coverage requires a source-linked firm-specific mapping. Energy/management coverage uses explicit source types, not inferred facts. Historical projects may inform coding but do not prove current deployment. This is not a predicted numeric-field yield or an SME-ETOI score."
NBCC-2026-10-07-03,2026-10-07,5,P41,"Galvano Weis, Weis GmbH & Co., Galvanische-Werkstätte KG",2.0.0,B,B,PASS,2,PROCESS,S-P41-02,15,MEDIUM,"QA PASS; rank by worst confidence, evidence/process confidence, documentary gain, coverage breadth, unassessed fields, verified URLs (cap 4), then company ID. Documentary gain proxy MEDIUM: 15 unassessed fields; verified coverage=PROCESS; process coverage requires a source-linked firm-specific mapping. Energy/management coverage uses explicit source types, not inferred facts. Historical projects may inform coding but do not prove current deployment. This is not a predicted numeric-field yield or an SME-ETOI score."
NBCC-2026-10-07-03,2026-10-07,6,P44,OXIDKERAMIK J. Cardenas GmbH,2.0.0,B,B,PASS,2,PROCESS,S-P44-02,15,MEDIUM,"QA PASS; rank by worst confidence, evidence/process confidence, documentary gain, coverage breadth, unassessed fields, verified URLs (cap 4), then company ID. Documentary gain proxy MEDIUM: 15 unassessed fields; verified coverage=PROCESS; process coverage requires a source-linked firm-specific mapping. Energy/management coverage uses explicit source types, not inferred facts. Historical projects may inform coding but do not prove current deployment. This is not a predicted numeric-field yield or an SME-ETOI score."
NBCC-2026-10-07-03,2026-10-07,7,P45,Glasmanufaktur HARZKRISTALL GmbH,2.0.0,B,B,PASS,2,PROCESS,S-P45-02,15,MEDIUM,"QA PASS; rank by worst confidence, evidence/process confidence, documentary gain, coverage breadth, unassessed fields, verified URLs (cap 4), then company ID. Documentary gain proxy MEDIUM: 15 unassessed fields; verified coverage=PROCESS; process coverage requires a source-linked firm-specific mapping. Energy/management coverage uses explicit source types, not inferred facts. Historical projects may inform coding but do not prove current deployment. This is not a predicted numeric-field yield or an SME-ETOI score."
NBCC-2026-10-07-03,2026-10-07,8,P50,Brauerei Aying Franz Inselkammer KG,2.0.0,B,B,PASS,2,PROCESS,S-P50-02,15,MEDIUM,"QA PASS; rank by worst confidence, evidence/process confidence, documentary gain, coverage breadth, unassessed fields, verified URLs (cap 4), then company ID. Documentary gain proxy MEDIUM: 15 unassessed fields; verified coverage=PROCESS; process coverage requires a source-linked firm-specific mapping. Energy/management coverage uses explicit source types, not inferred facts. Historical projects may inform coding but do not prove current deployment. This is not a predicted numeric-field yield or an SME-ETOI score."
NBCC-2026-10-07-03,2026-10-07,9,P51,Distelhäuser Brauerei Ernst Bauer GmbH & Co. KG,2.0.0,B,B,PASS,2,PROCESS,S-P51-02,15,MEDIUM,"QA PASS; rank by worst confidence, evidence/process confidence, documentary gain, coverage breadth, unassessed fields, verified URLs (cap 4), then company ID. Documentary gain proxy MEDIUM: 15 unassessed fields; verified coverage=PROCESS; process coverage requires a source-linked firm-specific mapping. Energy/management coverage uses explicit source types, not inferred facts. Historical projects may inform coding but do not prove current deployment. This is not a predicted numeric-field yield or an SME-ETOI score."
NBCC-2026-10-07-03,2026-10-07,10,P52,Glauner GmbH,2.0.0,B,B,PASS,2,PROCESS,S-P52-03,15,MEDIUM,"QA PASS; rank by worst confidence, evidence/process confidence, documentary gain, coverage breadth, unassessed fields, verified URLs (cap 4), then company ID. Documentary gain proxy MEDIUM: 15 unassessed fields; verified coverage=PROCESS; process coverage requires a source-linked firm-specific mapping. Energy/management coverage uses explicit source types, not inferred facts. Historical projects may inform coding but do not prove current deployment. This is not a predicted numeric-field yield or an SME-ETOI score."
NBCC-2026-10-07-03,2026-10-07,11,P54,Privatbrauerei Waldhaus Joh. Schmid GmbH,2.0.0,B,B,PASS,2,PROCESS,S-P54-02,15,MEDIUM,"QA PASS; rank by worst confidence, evidence/process confidence, documentary gain, coverage breadth, unassessed fields, verified URLs (cap 4), then company ID. Documentary gain proxy MEDIUM: 15 unassessed fields; verified coverage=PROCESS; process coverage requires a source-linked firm-specific mapping. Energy/management coverage uses explicit source types, not inferred facts. Historical projects may inform coding but do not prove current deployment. This is not a predicted numeric-field yield or an SME-ETOI score."
NBCC-2026-10-07-03,2026-10-07,12,P55,Merschbrock Kunststoff Spritzguss GmbH,2.0.0,B,B,PASS,2,PROCESS,S-P55-02,15,MEDIUM,"QA PASS; rank by worst confidence, evidence/process confidence, documentary gain, coverage breadth, unassessed fields, verified URLs (cap 4), then company ID. Documentary gain proxy MEDIUM: 15 unassessed fields; verified coverage=PROCESS; process coverage requires a source-linked firm-specific mapping. Energy/management coverage uses explicit source types, not inferred facts. Historical projects may inform coding but do not prove current deployment. This is not a predicted numeric-field yield or an SME-ETOI score."
NBCC-2026-10-07-04,2026-10-07,1,P56,Spritzguß Müller GmbH,2.0.0,B,B,PASS,2,PROCESS,S-P56-02,15,MEDIUM,"QA PASS; rank by worst confidence, evidence/process confidence, documentary gain, coverage breadth, unassessed fields, verified URLs (cap 4), then company ID. Documentary gain proxy MEDIUM: 15 unassessed fields; verified coverage=PROCESS; process coverage requires a source-linked firm-specific mapping. Energy/management coverage uses explicit source types, not inferred facts. Historical projects may inform coding but do not prove current deployment. This is not a predicted numeric-field yield or an SME-ETOI score."
NBCC-2026-10-07-04,2026-10-07,2,P57,Stocker Kunststoff GmbH,2.0.0,B,B,PASS,2,PROCESS,S-P57-02,15,MEDIUM,"QA PASS; rank by worst confidence, evidence/process confidence, documentary gain, coverage breadth, unassessed fields, verified URLs (cap 4), then company ID. Documentary gain proxy MEDIUM: 15 unassessed fields; verified coverage=PROCESS; process coverage requires a source-linked firm-specific mapping. Energy/management coverage uses explicit source types, not inferred facts. Historical projects may inform coding but do not prove current deployment. This is not a predicted numeric-field yield or an SME-ETOI score."
NBCC-2026-10-07-04,2026-10-07,3,P58,Dorn Spritzguss GmbH,2.0.0,B,B,PASS,2,PROCESS,S-P58-02,15,MEDIUM,"QA PASS; rank by worst confidence, evidence/process confidence, documentary gain, coverage breadth, unassessed fields, verified URLs (cap 4), then company ID. Documentary gain proxy MEDIUM: 15 unassessed fields; verified coverage=PROCESS; process coverage requires a source-linked firm-specific mapping. Energy/management coverage uses explicit source types, not inferred facts. Historical projects may inform coding but do not prove current deployment. This is not a predicted numeric-field yield or an SME-ETOI score."
NBCC-2026-10-07-04,2026-10-07,4,P59,AK Kunststoffspritzguss GmbH & Co. KG,2.0.0,B,B,PASS,2,PROCESS,S-P59-02,15,MEDIUM,"QA PASS; rank by worst confidence, evidence/process confidence, documentary gain, coverage breadth, unassessed fields, verified URLs (cap 4), then company ID. Documentary gain proxy MEDIUM: 15 unassessed fields; verified coverage=PROCESS; process coverage requires a source-linked firm-specific mapping. Energy/management coverage uses explicit source types, not inferred facts. Historical projects may inform coding but do not prove current deployment. This is not a predicted numeric-field yield or an SME-ETOI score."
NBCC-2026-10-07-04,2026-10-07,5,P61,Galvanik-Horstmann GmbH,2.0.0,B,B,PASS,2,PROCESS,S-P61-02,15,MEDIUM,"QA PASS; rank by worst confidence, evidence/process confidence, documentary gain, coverage breadth, unassessed fields, verified URLs (cap 4), then company ID. Documentary gain proxy MEDIUM: 15 unassessed fields; verified coverage=PROCESS; process coverage requires a source-linked firm-specific mapping. Energy/management coverage uses explicit source types, not inferred facts. Historical projects may inform coding but do not prove current deployment. This is not a predicted numeric-field yield or an SME-ETOI score."
NBCC-2026-10-07-04,2026-10-07,6,P63,OTK Oberflächentechnik Kaltenkirchen GmbH,2.0.0,B,B,PASS,2,PROCESS,S-P63-01,15,MEDIUM,"QA PASS; rank by worst confidence, evidence/process confidence, documentary gain, coverage breadth, unassessed fields, verified URLs (cap 4), then company ID. Documentary gain proxy MEDIUM: 15 unassessed fields; verified coverage=PROCESS; process coverage requires a source-linked firm-specific mapping. Energy/management coverage uses explicit source types, not inferred facts. Historical projects may inform coding but do not prove current deployment. This is not a predicted numeric-field yield or an SME-ETOI score."
NBCC-2026-10-07-04,2026-10-07,7,P64,Wieland Metalloberflächentechnik GmbH,2.0.0,B,B,PASS,2,PROCESS,S-P64-01,15,MEDIUM,"QA PASS; rank by worst confidence, evidence/process confidence, documentary gain, coverage breadth, unassessed fields, verified URLs (cap 4), then company ID. Documentary gain proxy MEDIUM: 15 unassessed fields; verified coverage=PROCESS; process coverage requires a source-linked firm-specific mapping. Energy/management coverage uses explicit source types, not inferred facts. Historical projects may inform coding but do not prove current deployment. This is not a predicted numeric-field yield or an SME-ETOI score."
NBCC-2026-10-07-04,2026-10-07,8,P66,KPM Königliche Porzellan-Manufaktur Berlin GmbH,2.0.0,B,B,PASS,2,PROCESS,S-P66-01,15,MEDIUM,"QA PASS; rank by worst confidence, evidence/process confidence, documentary gain, coverage breadth, unassessed fields, verified URLs (cap 4), then company ID. Documentary gain proxy MEDIUM: 15 unassessed fields; verified coverage=PROCESS; process coverage requires a source-linked firm-specific mapping. Energy/management coverage uses explicit source types, not inferred facts. Historical projects may inform coding but do not prove current deployment. This is not a predicted numeric-field yield or an SME-ETOI score."
NBCC-2026-10-07-04,2026-10-07,9,P68,TechnoKer GmbH,2.0.0,B,B,PASS,2,PROCESS,S-P68-02,15,MEDIUM,"QA PASS; rank by worst confidence, evidence/process confidence, documentary gain, coverage breadth, unassessed fields, verified URLs (cap 4), then company ID. Documentary gain proxy MEDIUM: 15 unassessed fields; verified coverage=PROCESS; process coverage requires a source-linked firm-specific mapping. Energy/management coverage uses explicit source types, not inferred facts. Historical projects may inform coding but do not prove current deployment. This is not a predicted numeric-field yield or an SME-ETOI score."
NBCC-2026-10-07-04,2026-10-07,10,P70,ceram GmbH,2.0.0,B,B,PASS,2,PROCESS,S-P70-02,15,MEDIUM,"QA PASS; rank by worst confidence, evidence/process confidence, documentary gain, coverage breadth, unassessed fields, verified URLs (cap 4), then company ID. Documentary gain proxy MEDIUM: 15 unassessed fields; verified coverage=PROCESS; process coverage requires a source-linked firm-specific mapping. Energy/management coverage uses explicit source types, not inferred facts. Historical projects may inform coding but do not prove current deployment. This is not a predicted numeric-field yield or an SME-ETOI score."
NBCC-2026-10-07-04,2026-10-07,11,P75,Privatbrauerei J.B. Falter Regen KG,2.0.0,B,B,PASS,2,PROCESS,S-P75-02,15,MEDIUM,"QA PASS; rank by worst confidence, evidence/process confidence, documentary gain, coverage breadth, unassessed fields, verified URLs (cap 4), then company ID. Documentary gain proxy MEDIUM: 15 unassessed fields; verified coverage=PROCESS; process coverage requires a source-linked firm-specific mapping. Energy/management coverage uses explicit source types, not inferred facts. Historical projects may inform coding but do not prove current deployment. This is not a predicted numeric-field yield or an SME-ETOI score."
NBCC-2026-10-07-04,2026-10-07,12,P76,Si-Tech Singer GmbH,2.0.0,B,B,PASS,2,PROCESS,S-P76-02,15,MEDIUM,"QA PASS; rank by worst confidence, evidence/process confidence, documentary gain, coverage breadth, unassessed fields, verified URLs (cap 4), then company ID. Documentary gain proxy MEDIUM: 15 unassessed fields; verified coverage=PROCESS; process coverage requires a source-linked firm-specific mapping. Energy/management coverage uses explicit source types, not inferred facts. Historical projects may inform coding but do not prove current deployment. This is not a predicted numeric-field yield or an SME-ETOI score."
NBCC-2026-10-07-05,2026-10-07,1,P77,metak GmbH & Co. KG,2.0.0,B,B,PASS,2,PROCESS,S-P77-02,15,MEDIUM,"QA PASS; rank by worst confidence, evidence/process confidence, documentary gain, coverage breadth, unassessed fields, verified URLs (cap 4), then company ID. Documentary gain proxy MEDIUM: 15 unassessed fields; verified coverage=PROCESS; process coverage requires a source-linked firm-specific mapping. Energy/management coverage uses explicit source types, not inferred facts. Historical projects may inform coding but do not prove current deployment. This is not a predicted numeric-field yield or an SME-ETOI score."
NBCC-2026-10-07-05,2026-10-07,2,P79,Langer GmbH & Co. KG,2.0.0,B,B,PASS,2,PROCESS,S-P79-02,15,MEDIUM,"QA PASS; rank by worst confidence, evidence/process confidence, documentary gain, coverage breadth, unassessed fields, verified URLs (cap 4), then company ID. Documentary gain proxy MEDIUM: 15 unassessed fields; verified coverage=PROCESS; process coverage requires a source-linked firm-specific mapping. Energy/management coverage uses explicit source types, not inferred facts. Historical projects may inform coding but do not prove current deployment. This is not a predicted numeric-field yield or an SME-ETOI score."
NBCC-2026-10-07-05,2026-10-07,3,P80,MKT Metall- und Kunststofftechnik GmbH,2.0.0,B,B,PASS,2,PROCESS,S-P80-02,15,MEDIUM,"QA PASS; rank by worst confidence, evidence/process confidence, documentary gain, coverage breadth, unassessed fields, verified URLs (cap 4), then company ID. Documentary gain proxy MEDIUM: 15 unassessed fields; verified coverage=PROCESS; process coverage requires a source-linked firm-specific mapping. Energy/management coverage uses explicit source types, not inferred facts. Historical projects may inform coding but do not prove current deployment. This is not a predicted numeric-field yield or an SME-ETOI score."
NBCC-2026-10-07-05,2026-10-07,4,P81,Eloxalwerk Ludwigsburg Helmut Zerrer GmbH,2.0.0,B,B,PASS,2,PROCESS,S-P81-02,15,MEDIUM,"QA PASS; rank by worst confidence, evidence/process confidence, documentary gain, coverage breadth, unassessed fields, verified URLs (cap 4), then company ID. Documentary gain proxy MEDIUM: 15 unassessed fields; verified coverage=PROCESS; process coverage requires a source-linked firm-specific mapping. Energy/management coverage uses explicit source types, not inferred facts. Historical projects may inform coding but do not prove current deployment. This is not a predicted numeric-field yield or an SME-ETOI score."
NBCC-2026-10-07-05,2026-10-07,5,P83,Gerbracht & Mönch Galvanotechnik GmbH,2.0.0,B,B,PASS,2,PROCESS,S-P83-02,15,MEDIUM,"QA PASS; rank by worst confidence, evidence/process confidence, documentary gain, coverage breadth, unassessed fields, verified URLs (cap 4), then company ID. Documentary gain proxy MEDIUM: 15 unassessed fields; verified coverage=PROCESS; process coverage requires a source-linked firm-specific mapping. Energy/management coverage uses explicit source types, not inferred facts. Historical projects may inform coding but do not prove current deployment. This is not a predicted numeric-field yield or an SME-ETOI score."
NBCC-2026-10-07-05,2026-10-07,6,P84,Sauer Oberflächentechnik GmbH,2.0.0,B,B,PASS,2,PROCESS,S-P84-02,15,MEDIUM,"QA PASS; rank by worst confidence, evidence/process confidence, documentary gain, coverage breadth, unassessed fields, verified URLs (cap 4), then company ID. Documentary gain proxy MEDIUM: 15 unassessed fields; verified coverage=PROCESS; process coverage requires a source-linked firm-specific mapping. Energy/management coverage uses explicit source types, not inferred facts. Historical projects may inform coding but do not prove current deployment. This is not a predicted numeric-field yield or an SME-ETOI score."
NBCC-2026-10-07-05,2026-10-07,7,P87,Ceramany GmbH,2.0.0,B,B,PASS,2,PROCESS,S-P87-02,15,MEDIUM,"QA PASS; rank by worst confidence, evidence/process confidence, documentary gain, coverage breadth, unassessed fields, verified URLs (cap 4), then company ID. Documentary gain proxy MEDIUM: 15 unassessed fields; verified coverage=PROCESS; process coverage requires a source-linked firm-specific mapping. Energy/management coverage uses explicit source types, not inferred facts. Historical projects may inform coding but do not prove current deployment. This is not a predicted numeric-field yield or an SME-ETOI score."
NBCC-2026-10-07-05,2026-10-07,8,P90,InnoKeramik & Technik GmbH,2.0.0,B,B,PASS,2,PROCESS,S-P90-02,15,MEDIUM,"QA PASS; rank by worst confidence, evidence/process confidence, documentary gain, coverage breadth, unassessed fields, verified URLs (cap 4), then company ID. Documentary gain proxy MEDIUM: 15 unassessed fields; verified coverage=PROCESS; process coverage requires a source-linked firm-specific mapping. Energy/management coverage uses explicit source types, not inferred facts. Historical projects may inform coding but do not prove current deployment. This is not a predicted numeric-field yield or an SME-ETOI score."
NBCC-2026-10-07-05,2026-10-07,9,P91,Brauerei S. Riegele Inh. Riegele KG,2.0.0,B,B,PASS,2,PROCESS,S-P91-02,15,MEDIUM,"QA PASS; rank by worst confidence, evidence/process confidence, documentary gain, coverage breadth, unassessed fields, verified URLs (cap 4), then company ID. Documentary gain proxy MEDIUM: 15 unassessed fields; verified coverage=PROCESS; process coverage requires a source-linked firm-specific mapping. Energy/management coverage uses explicit source types, not inferred facts. Historical projects may inform coding but do not prove current deployment. This is not a predicted numeric-field yield or an SME-ETOI score."
NBCC-2026-10-07-05,2026-10-07,10,P92,Familienbrauerei M. Ketterer GmbH & Co. KG,2.0.0,B,B,PASS,2,PROCESS,S-P92-02,15,MEDIUM,"QA PASS; rank by worst confidence, evidence/process confidence, documentary gain, coverage breadth, unassessed fields, verified URLs (cap 4), then company ID. Documentary gain proxy MEDIUM: 15 unassessed fields; verified coverage=PROCESS; process coverage requires a source-linked firm-specific mapping. Energy/management coverage uses explicit source types, not inferred facts. Historical projects may inform coding but do not prove current deployment. This is not a predicted numeric-field yield or an SME-ETOI score."
NBCC-2026-10-07-05,2026-10-07,11,P93,Brauerei Schimpfle GmbH & Co. KG,2.0.0,B,B,PASS,2,PROCESS,S-P93-02,15,MEDIUM,"QA PASS; rank by worst confidence, evidence/process confidence, documentary gain, coverage breadth, unassessed fields, verified URLs (cap 4), then company ID. Documentary gain proxy MEDIUM: 15 unassessed fields; verified coverage=PROCESS; process coverage requires a source-linked firm-specific mapping. Energy/management coverage uses explicit source types, not inferred facts. Historical projects may inform coding but do not prove current deployment. This is not a predicted numeric-field yield or an SME-ETOI score."
NBCC-2026-10-07-05,2026-10-07,12,P94,Brauerei zum Kuchlbauer GmbH & Co. KG,2.0.0,B,B,PASS,2,PROCESS,S-P94-02,15,MEDIUM,"QA PASS; rank by worst confidence, evidence/process confidence, documentary gain, coverage breadth, unassessed fields, verified URLs (cap 4), then company ID. Documentary gain proxy MEDIUM: 15 unassessed fields; verified coverage=PROCESS; process coverage requires a source-linked firm-specific mapping. Energy/management coverage uses explicit source types, not inferred facts. Historical projects may inform coding but do not prove current deployment. This is not a predicted numeric-field yield or an SME-ETOI score."
NBCC-2026-10-07-06,2026-10-07,1,P95,Winkler-Bräu GmbH & Co. KG,2.0.0,B,B,PASS,2,PROCESS,S-P95-02,15,MEDIUM,"QA PASS; rank by worst confidence, evidence/process confidence, documentary gain, coverage breadth, unassessed fields, verified URLs (cap 4), then company ID. Documentary gain proxy MEDIUM: 15 unassessed fields; verified coverage=PROCESS; process coverage requires a source-linked firm-specific mapping. Energy/management coverage uses explicit source types, not inferred facts. Historical projects may inform coding but do not prove current deployment. This is not a predicted numeric-field yield or an SME-ETOI score."
NBCC-2026-10-07-06,2026-10-07,2,P97,Peltzer & Co. GmbH,2.0.0,B,B,PASS,2,PROCESS,S-P97-02,15,MEDIUM,"QA PASS; rank by worst confidence, evidence/process confidence, documentary gain, coverage breadth, unassessed fields, verified URLs (cap 4), then company ID. Documentary gain proxy MEDIUM: 15 unassessed fields; verified coverage=PROCESS; process coverage requires a source-linked firm-specific mapping. Energy/management coverage uses explicit source types, not inferred facts. Historical projects may inform coding but do not prove current deployment. This is not a predicted numeric-field yield or an SME-ETOI score."
NBCC-2026-10-07-06,2026-10-07,3,P98,Robert Frank GmbH & Co. KG,2.0.0,B,B,PASS,2,PROCESS,S-P98-02,15,MEDIUM,"QA PASS; rank by worst confidence, evidence/process confidence, documentary gain, coverage breadth, unassessed fields, verified URLs (cap 4), then company ID. Documentary gain proxy MEDIUM: 15 unassessed fields; verified coverage=PROCESS; process coverage requires a source-linked firm-specific mapping. Energy/management coverage uses explicit source types, not inferred facts. Historical projects may inform coding but do not prove current deployment. This is not a predicted numeric-field yield or an SME-ETOI score."
NBCC-2026-10-07-06,2026-10-07,4,P100,Kläger Spritzguss GmbH & Co. KG,2.0.0,B,B,PASS,2,PROCESS,S-P100-02,15,MEDIUM,"QA PASS; rank by worst confidence, evidence/process confidence, documentary gain, coverage breadth, unassessed fields, verified URLs (cap 4), then company ID. Documentary gain proxy MEDIUM: 15 unassessed fields; verified coverage=PROCESS; process coverage requires a source-linked firm-specific mapping. Energy/management coverage uses explicit source types, not inferred facts. Historical projects may inform coding but do not prove current deployment. This is not a predicted numeric-field yield or an SME-ETOI score."
NBCC-2026-10-07-06,2026-10-07,5,P101,Metoba Metalloberflächenbearbeitung GmbH,2.0.0,B,B,PASS,2,PROCESS,S-P101-02,15,MEDIUM,"QA PASS; rank by worst confidence, evidence/process confidence, documentary gain, coverage breadth, unassessed fields, verified URLs (cap 4), then company ID. Documentary gain proxy MEDIUM: 15 unassessed fields; verified coverage=PROCESS; process coverage requires a source-linked firm-specific mapping. Energy/management coverage uses explicit source types, not inferred facts. Historical projects may inform coding but do not prove current deployment. This is not a predicted numeric-field yield or an SME-ETOI score."
NBCC-2026-10-07-06,2026-10-07,6,P105,Dresdner Silber und Metallveredlung GmbH,2.0.0,B,B,PASS,2,PROCESS,S-P105-02,15,MEDIUM,"QA PASS; rank by worst confidence, evidence/process confidence, documentary gain, coverage breadth, unassessed fields, verified URLs (cap 4), then company ID. Documentary gain proxy MEDIUM: 15 unassessed fields; verified coverage=PROCESS; process coverage requires a source-linked firm-specific mapping. Energy/management coverage uses explicit source types, not inferred facts. Historical projects may inform coding but do not prove current deployment. This is not a predicted numeric-field yield or an SME-ETOI score."
NBCC-2026-10-07-06,2026-10-07,7,P106,Felix Vuckovic - Technische Keramik GmbH,2.0.0,B,B,PASS,2,PROCESS,S-P106-02,15,MEDIUM,"QA PASS; rank by worst confidence, evidence/process confidence, documentary gain, coverage breadth, unassessed fields, verified URLs (cap 4), then company ID. Documentary gain proxy MEDIUM: 15 unassessed fields; verified coverage=PROCESS; process coverage requires a source-linked firm-specific mapping. Energy/management coverage uses explicit source types, not inferred facts. Historical projects may inform coding but do not prove current deployment. This is not a predicted numeric-field yield or an SME-ETOI score."
NBCC-2026-10-07-06,2026-10-07,8,P108,Porzellanmanufaktur Reichenbach GmbH,2.0.0,B,B,PASS,2,PROCESS,S-P108-02,15,MEDIUM,"QA PASS; rank by worst confidence, evidence/process confidence, documentary gain, coverage breadth, unassessed fields, verified URLs (cap 4), then company ID. Documentary gain proxy MEDIUM: 15 unassessed fields; verified coverage=PROCESS; process coverage requires a source-linked firm-specific mapping. Energy/management coverage uses explicit source types, not inferred facts. Historical projects may inform coding but do not prove current deployment. This is not a predicted numeric-field yield or an SME-ETOI score."
NBCC-2026-10-07-06,2026-10-07,9,P109,Porzellan Manufaktur Nymphenburg GmbH & Co. KG,2.0.0,B,B,PASS,2,PROCESS,S-P109-02,15,MEDIUM,"QA PASS; rank by worst confidence, evidence/process confidence, documentary gain, coverage breadth, unassessed fields, verified URLs (cap 4), then company ID. Documentary gain proxy MEDIUM: 15 unassessed fields; verified coverage=PROCESS; process coverage requires a source-linked firm-specific mapping. Energy/management coverage uses explicit source types, not inferred facts. Historical projects may inform coding but do not prove current deployment. This is not a predicted numeric-field yield or an SME-ETOI score."
NBCC-2026-10-07-06,2026-10-07,10,P110,Neue Porzellanfabrik Triptis GmbH,2.0.0,B,B,PASS,2,PROCESS,S-P110-03,15,MEDIUM,"QA PASS; rank by worst confidence, evidence/process confidence, documentary gain, coverage breadth, unassessed fields, verified URLs (cap 4), then company ID. Documentary gain proxy MEDIUM: 15 unassessed fields; verified coverage=PROCESS; process coverage requires a source-linked firm-specific mapping. Energy/management coverage uses explicit source types, not inferred facts. Historical projects may inform coding but do not prove current deployment. This is not a predicted numeric-field yield or an SME-ETOI score."
NBCC-2026-10-07-06,2026-10-07,11,P37,atka Kunststoffverarbeitung GmbH,2.0.0,B,B,PASS,1,PROCESS,S-P37-01,15,MEDIUM,"QA PASS; rank by worst confidence, evidence/process confidence, documentary gain, coverage breadth, unassessed fields, verified URLs (cap 4), then company ID. Documentary gain proxy MEDIUM: 15 unassessed fields; verified coverage=PROCESS; process coverage requires a source-linked firm-specific mapping. Energy/management coverage uses explicit source types, not inferred facts. Historical projects may inform coding but do not prove current deployment. This is not a predicted numeric-field yield or an SME-ETOI score."
NBCC-2026-10-07-06,2026-10-07,12,P60,HARTCHROM Beck GmbH,2.0.0,B,B,PASS,1,PROCESS,S-P60-01 | S-P60-03,15,MEDIUM,"QA PASS; rank by worst confidence, evidence/process confidence, documentary gain, coverage breadth, unassessed fields, verified URLs (cap 4), then company ID. Documentary gain proxy MEDIUM: 15 unassessed fields; verified coverage=PROCESS; process coverage requires a source-linked firm-specific mapping. Energy/management coverage uses explicit source types, not inferred facts. Historical projects may inform coding but do not prove current deployment. This is not a predicted numeric-field yield or an SME-ETOI score."
