batch_id,selected_date,selection_rank,company_id,legal_entity,selection_workflow_action,eligibility_gate_fields,score_status_at_selection,assessment_scope
GATE-ASSESS-2026-10-07,2026-10-07,1,P07,VARIOPLAST Konrad Däbritz GmbH,ELIGIBILITY_FIRST,group_check,NOT_SCOREABLE_ELIGIBILITY,Documentary 15-field first pass only; eligibility gate retained; no canonical scoring or human approval
GATE-ASSESS-2026-10-07,2026-10-07,2,P10,Oskar Lehmann GmbH & Co. KG,ELIGIBILITY_FIRST,group_check,NOT_SCOREABLE_ELIGIBILITY,Documentary 15-field first pass only; eligibility gate retained; no canonical scoring or human approval
GATE-ASSESS-2026-10-07,2026-10-07,3,P104,Holder GmbH Oberflächentechnik,ELIGIBILITY_FIRST,group_check,NOT_SCOREABLE_ELIGIBILITY,Documentary 15-field first pass only; eligibility gate retained; no canonical scoring or human approval
GATE-ASSESS-2026-10-07,2026-10-07,4,P32,Kronenbrauerei Otto Haizmann KG,ELIGIBILITY_FIRST,group_check,NOT_SCOREABLE_ELIGIBILITY,Documentary 15-field first pass only; eligibility gate retained; no canonical scoring or human approval
GATE-ASSESS-2026-10-07,2026-10-07,5,P34,KTS Kunststoff Technik Schmölln GmbH,ELIGIBILITY_FIRST,group_check,NOT_SCOREABLE_ELIGIBILITY,Documentary 15-field first pass only; eligibility gate retained; no canonical scoring or human approval
GATE-ASSESS-2026-10-07,2026-10-07,6,P40,OFTECH Oberflächentechnik GmbH & Co. KG,ELIGIBILITY_FIRST,group_check,NOT_SCOREABLE_ELIGIBILITY,Documentary 15-field first pass only; eligibility gate retained; no canonical scoring or human approval
GATE-ASSESS-2026-10-07,2026-10-07,7,P42,OT Oberflächentechnik GmbH & Co. KG,ELIGIBILITY_FIRST,group_check,NOT_SCOREABLE_ELIGIBILITY,Documentary 15-field first pass only; eligibility gate retained; no canonical scoring or human approval
GATE-ASSESS-2026-10-07,2026-10-07,8,P46,Porzellanfabrik Hermsdorf GmbH,ELIGIBILITY_FIRST,group_check,NOT_SCOREABLE_ELIGIBILITY,Documentary 15-field first pass only; eligibility gate retained; no canonical scoring or human approval
GATE-ASSESS-2026-10-07,2026-10-07,9,P47,hofmann CERAMiC GmbH,ELIGIBILITY_FIRST,group_check,NOT_SCOREABLE_ELIGIBILITY,Documentary 15-field first pass only; eligibility gate retained; no canonical scoring or human approval
GATE-ASSESS-2026-10-07,2026-10-07,10,P65,Porzellanmanufaktur FÜRSTENBERG GmbH,ELIGIBILITY_FIRST,group_check,NOT_SCOREABLE_ELIGIBILITY,Documentary 15-field first pass only; eligibility gate retained; no canonical scoring or human approval
GATE-ASSESS-2026-10-07,2026-10-07,11,P67,DOCERAM GmbH,ELIGIBILITY_FIRST,group_check,NOT_SCOREABLE_ELIGIBILITY,Documentary 15-field first pass only; eligibility gate retained; no canonical scoring or human approval
GATE-ASSESS-2026-10-07,2026-10-07,12,P88,Ceramaret Meissen GmbH,ELIGIBILITY_FIRST,group_check,NOT_SCOREABLE_ELIGIBILITY,Documentary 15-field first pass only; eligibility gate retained; no canonical scoring or human approval
