candidate_id,company_name,legal_entity,city,state,process_stratum,process_signal,selection_rationale,eligibility_status,group_check,company_source,independent_source,review_status,notes
P01,Burgis,Burgis GmbH,Neumarkt in der Oberpfalz,Bavaria,food_beverage,potato preparation; chilled and frozen production; precooking,thermal processing plus refrigeration and production-line automation,TO_VERIFY,linked_enterprise_check,https://burgis.de/impressum/,https://fusionbase.com/en/data/organization/0cd11df2d7c1d705647ed69f2f5bce25/Burgis%20GmbH,OWNERSHIP_REVIEW_REQUIRED,"Official imprint confirms Burgis GmbH. Public evidence reports 130 employees; the 2023/24 filing reports EUR 41.113 million turnover and EUR 37.338 million balance-sheet total. Burgis Holding GmbH & Co. KG is shown as 100 percent shareholder, so linked-enterprise status must be resolved before inclusion."
P02,Riesa Nudeln,Teigwaren Riesa GmbH,Riesa,Saxony,food_beverage,pasta mixing; extrusion; drying,drying heat; motor drives; continuous production and possible heat recovery,TO_VERIFY,linked_enterprise_check,https://www.teigwaren-riesa.de/impressum/,https://carlsquare.com/deal-history/carlsquare-advised-irish-food-investment-group-biavest-on-its-acquisition-of-an-80-stake-in-riesa-nudeln/,OWNERSHIP_REVIEW_REQUIRED,Official imprint confirms Teigwaren Riesa GmbH. Public transaction evidence reports more than EUR 40 million annual revenue and an 80 percent acquisition by BiaVest in 2023. SME aggregation across linked enterprises must be resolved before inclusion.
P03,Upländer Bauernmolkerei,Upländer Bauernmolkerei GmbH,Willingen-Usseln,Hesse,food_beverage,milk cooling; pasteurisation; cleaning; chilled storage,low-temperature heat and refrigeration create heat-pump and flexibility use cases,INCLUDE,probable_independent,https://www.bauernmolkerei.team/impressum,https://www.wer-zu-wem.de/firma/uplaender.html,ELIGIBILITY_REVIEWED,Official imprint confirms Upländer Bauernmolkerei GmbH. Public company information reports about 45 employees and turnover in the EUR 10-50 million band; farmer participation and regional management are documented. Probable EU SME; decision date 2026-09-12.
P04,Neumarkter Lammsbräu,Neumarkter Lammsbräu Gebr. Ehrnsperger KG,Neumarkt in der Oberpfalz,Bavaria,food_beverage,brewing; mashing; boiling; cooling; bottling,combined heat cold drives and storage with unusually strong public evidence,INCLUDE,independent,https://www.lammsbraeu.de/impressum,https://www.lammsbraeu.de/hubfs/Dachmarke/resources/documents/Pressemitteilungen/NL_Factsheet_2025.pdf,ELIGIBILITY_REVIEWED,Official sources confirm the exact legal entity and report 142 employees and EUR 31.7 million turnover for 2024. The company is described as family-owned. Probable EU SME; decision date 2026-09-12.
P05,Einbecker Brauhaus,Einbecker Brauhaus AG,Einbeck,Lower Saxony,food_beverage,brewing; boiling; refrigeration; bottling,material thermal services; cold storage; drives and schedulable production,INCLUDE,small_group,https://www.einbecker-brauhaus.de/impressum,https://www.einbecker-brauhaus.de/aktionaere/berichte,ELIGIBILITY_REVIEWED,"Official 2025 annual report gives 121 employees, EUR 33.873 million turnover and EUR 28.521 million balance-sheet total. Controlled subsidiaries are disclosed; available figures remain below EU SME ceilings. Include provisionally subject to final linked-enterprise reconciliation; decision date 2026-09-12."
P06,Bada,Bada AG,Bühl,Baden-Württemberg,plastics_processing,technical thermoplastic compounding; extrusion,high drive intensity; controlled heating; cooling and power-conversion relevance,TO_VERIFY,linked_enterprise_check,https://bada.de/de/impressum,https://www.liebich-partner.de/kunden/fuehrungskraefteentwicklung-bada-ag/,OWNERSHIP_REVIEW_REQUIRED,"Official imprint confirms Bada AG. The company has a Spanish subsidiary. A 2023 profile reports 230 employees and EUR 150 million turnover for the described business; current public evidence does not establish the aggregated group balance-sheet total. EU SME eligibility therefore remains unresolved. Technical evidence confirms specialty compounding, extrusion-line retrofits, ISO 50001, ISO 14001 and EMAS."
P07,Varioplast,VARIOPLAST Konrad Däbritz GmbH,Ötisheim,Baden-Württemberg,plastics_processing,injection moulding; inline PVD metallisation; coating; automated assembly,cross-process case combining electric drives heating vacuum equipment automation and onsite energy integration,INCLUDE,partner_or_linked_sme,https://varioplast.de/de/impressum,https://wirtschaftskraft.de/artikel/das-hightech-herz-der-zukunftsschmiede-varioplast-schlaegt-im-nordschwarzwald,ELIGIBILITY_REVIEWED,"Official imprint confirms VARIOPLAST Konrad Däbritz GmbH. A 2025 independent profile reports about 130 employees and planned 2025 revenue of EUR 17 million; a public-filing mirror reports an entity balance-sheet total of EUR 11.27 million for 2024. The website also identifies Varioplast Holding GmbH, Varioplast GmbH and Varioplast Co. Limited (HK), so inclusion is provisional pending final linked-enterprise aggregation. Public evidence documents substantial existing transition measures."
P08,Walter Potthoff,Walter Potthoff GmbH,Kierspe,North Rhine-Westphalia,plastics_processing,injection moulding; assembly,motor-driven production and cooling with medical and industrial applications,EXCLUDE,group_exceeds_sme_threshold,https://www.plastiflex.com/about-us/,https://renzenbrink-partner.de/en/deals/renzenbrink-partner-advises-the-plastiflex-group-on-the-takeover-of-walter-potthoff-gmbh/,ELIGIBILITY_REVIEWED,Plastiflex confirms the 2022 acquisition; the resulting international group has eight production sites and available group estimates exceed the EU SME headcount threshold. Excluded under the linked-enterprise rule; decision date 2026-09-12.
P09,RUCH NOVAPLAST,RUCH NOVAPLAST GmbH + Co. KG,Oberkirch,Baden-Württemberg,plastics_processing,particle-foam moulding and conditioning,steam or thermal conditioning; compression; cooling and batch flexibility,EXCLUDE,group_exceeds_sme_threshold,https://www.ruch.de/en/company/facts-history/,https://www.moraplast.cz/,ELIGIBILITY_REVIEWED,RUCH reports EUR 50 million turnover and 400 employees throughout Europe; MORAplast states that it was jointly founded by RUCH NOVAPLAST and Delkeskamp. The headcount exceeds the EU SME ceiling. Excluded; decision date 2026-09-12.
P10,Oskar Lehmann,Oskar Lehmann GmbH & Co. KG,Blomberg,North Rhine-Westphalia,plastics_processing,technical plastics; injection moulding; toolmaking; assembly,more than 100 injection-moulding machines in three-shift production with CNC robotics cooling and automation relevance,INCLUDE,partner_or_linked_sme,https://www.oskar-lehmann.de/en/imprint.html,https://fusionbase.com/de/data/organization/3618ca1a59de35582bf50c464d9b2472/Oskar%2BLehmann%2BGmbH%2B%26%2BCo.%2BKG,ELIGIBILITY_REVIEWED,Official imprint confirms the exact legal entity. The 2023 filing reports 231 average employees and EUR 36.499 million revenue; current public evidence remains below EU SME thresholds. Inclusion is provisional because the operating-company split and related Lehmann entities still require final aggregation. Decision date 2026-09-12.
P11,B+T Oberflächentechnik,B+T Oberflächentechnik GmbH,Hüttenberg,Hesse,metal_surface_heat,electroplating and surface treatment,rectifiers; baths; drying; ventilation and power-quality relevance,INCLUDE,small_group,https://bt-unternehmensgruppe.de/,https://bt-unternehmensgruppe.de/175jahre,ELIGIBILITY_REVIEWED,"Official group history reports about 165 employees across the Wetzlar and Hüttenberg sites. The exact financial threshold remains open, so EU SME inclusion is probable and provisional; decision date 2026-09-13."
P12,Richard Henkel,Richard Henkel GmbH,Forchtenberg,Baden-Württemberg,metal_surface_heat,powder coating and metal furniture production,pretreatment; curing ovens; compressed air and line control,INCLUDE,independent,https://www.richard-henkel.de/impressum.html,https://www.richard-henkel.de/downloads.html?file=files/downloads/2024_Klimawin-BW_Bericht.pdf,ELIGIBILITY_REVIEWED,"Official 2024 reporting identifies 35 employees and third-generation family management. The exact financial threshold remains open, so EU SME inclusion is probable and provisional; decision date 2026-09-13."
P13,Schmalriede-Zink,Schmalriede-Zink GmbH,Ganderkesee,Lower Saxony,metal_surface_heat,zinc and zinc-nickel electroplating,rectifiers; pumps; baths; ventilation; three-shift operation and power quality,INCLUDE,independent,https://www.schmalriede.de/impressum,https://www.schmalriede.de/unternehmen,ELIGIBILITY_REVIEWED,"Official sources identify the exact GmbH, family management, 182 employees and three-shift production. The financial threshold remains open, so EU SME inclusion is probable and provisional; decision date 2026-09-13."
P14,Trio-Eloxal,Trio-Eloxal GmbH & Co. KG,Geesthacht,Schleswig-Holstein,metal_surface_heat,anodising; powder coating; passivation,electrochemical loads; curing; long process lines and load scheduling,TO_VERIFY,unknown,https://www.trio-eloxal.de/,https://web.arbeitsagentur.de/,CANDIDATE,Federal employment listing reports about 100 employees; verify entity accounts and second-site links.
P15,Eloxal Barz,ELOXAL BARZ GmbH & Co KG,Notzingen,Baden-Württemberg,metal_surface_heat,aluminium anodising and surface treatment,rectifier loads; baths; ventilation and possible onsite integration,INCLUDE,independent,https://eloxal-barz.de/,https://fusionbase.com/de/data/organization/4c73ef37b41ee4186a5fcce34e18f119/eloxal-barz-gmbh-%26-co.-kg,ELIGIBILITY_REVIEWED,"Official site identifies a third-generation family business and exact legal entity. The 2023 filing mirror reports a balance-sheet total of about EUR 4.097 million; include as a probable SME, decision date 2026-09-13."
P16,Sembach Technical Ceramics,Sembach GmbH & Co. KG,Lauf an der Pegnitz,Bavaria,glass_ceramics,technical ceramic forming and firing,kilns; automation; continuous and batch thermal processes,INCLUDE,independent,https://www.sembach.de/en/imprint/,https://www.sembach.de/en/company/,ELIGIBILITY_REVIEWED,"Official sources identify an owner-managed family company with 200 employees. Public financial evidence does not yet resolve the EU turnover-or-balance-sheet test, so inclusion is provisional; decision date 2026-09-13."
P17,FCT Ingenieurkeramik,QSIL Ingenieurkeramik GmbH,Frankenblick,Thuringia,glass_ceramics,silicon nitride and silicon carbide component production; sintering,high-temperature furnaces; controlled power and batch scheduling,EXCLUDE,group_exceeds_sme_threshold,https://fcti.de/,https://vmcap.com/2020-01-24/,ELIGIBILITY_REVIEWED,The former FCT web address redirects to the current STEREON Materials / former QSIL group website. The verified 2019 acquisition release reports about 750 group employees and more than EUR 115 million turnover. Excluded under the linked-enterprise rule; decision date 2026-09-12.
P18,Glashütte Lamberts Waldsassen,Glashütte Lamberts Waldsassen GmbH,Waldsassen,Bavaria,glass_ceramics,glass melting; colouring; blowing; reheating,direct high-temperature case with furnaces and continuous thermal demand,INCLUDE,independent,https://lamberts.de/impressum-2,https://lamberts.de/home,ELIGIBILITY_REVIEWED,"Official sources identify the exact entity, about 70 employees and the full hand-blown-glass process. The financial threshold remains open, so EU SME inclusion is probable and provisional; decision date 2026-09-13."
P19,Glasfabrik Lamberts,Glasfabrik Lamberts GmbH & Co. KG,Wunsiedel,Bavaria,glass_ceramics,cast-glass melting and rolling,large continuous furnace load; firing and grid-relevant production,INCLUDE,independent,https://www.lamberts.info/impressum,https://www.lamberts.info/unternehmen,ELIGIBILITY_REVIEWED,"The official site identifies an independent family-owned medium-sized company; a 2025 regional report states about 120 employees. Current accounts remain open, so EU SME inclusion is probable and provisional; decision date 2026-09-13."
P20,DERIX Glasstudios,DERIX Glasstudios GmbH & Co. KG,Taunusstein,Hesse,glass_ceramics,art-glass firing; annealing; etching; sandblasting,smaller comparison case with kilns batch operation and specialised processes,INCLUDE,probable_independent,https://www.derix.com/impressum,https://exportpreis-hessen.de/2019-235/,ELIGIBILITY_REVIEWED,"Official imprint identifies the exact entity and local managing shareholder. Public sources report about 70 employees and no operating group; financial thresholds remain open, so inclusion is probable and provisional; decision date 2026-09-13."
P21,Moritz Fiege,Privatbrauerei MORITZ FIEGE GmbH & Co. KG,Bochum,North Rhine-Westphalia,food_beverage,brewing; boiling; cooling; bottle washing and filling,thermal brewing services plus refrigeration and a documented energy-saving bottle washer,INCLUDE,independent,https://moritzfiege.de/,https://www.efa.nrw/aktuell/details/foerderprogramme-belohnen-unternehmen-die-innovativ-sind-interview-mit-marc-zinkler-braumeister-und-betriebsleiter-der-privatbrauerei-moritz-fiege,ELIGIBILITY_REVIEWED,"Official site identifies a sixth-generation family brewery. Independent public profiles report roughly 90 employees and estimated EUR 22.5 million turnover; probable EU SME, decision date 2026-09-13."
P22,Riedenburger Brauhaus,RIEDENBURGER BRAUHAUS Michael Krieger GmbH & Co. KG,Riedenburg,Bavaria,food_beverage,brewing; boiling; cooling; filling,"batch brewing with directly documented heat pumps, waste-heat recovery and thermal storage",INCLUDE,independent,https://www.riedenburger.de/about/,https://www.regionales-bayern.de/anbieter/riedenburger-brauhaus-michael-krieger-gmbh-co-kg-15003/,ELIGIBILITY_REVIEWED,"Official imprint confirms the exact legal entity and family management. A Bavarian regional portal reports about 40 employees; probable EU SME, decision date 2026-09-13."
P23,FM-Plast,FM-Plast GmbH,Lennestadt,North Rhine-Westphalia,plastics_processing,injection moulding of plastic closures,"high-volume electric drives, mould heating and cooling with certified energy management",INCLUDE,small_group,https://www.fm-plast.de/deutsch/impressum,https://www.regiomanager.de/ranking/produktion/kunststoffverarbeiter/suedwestfalen/,ELIGIBILITY_REVIEWED,"Official imprint confirms FM-Plast GmbH and an industry profile identifies an owner-managed family company. A regional ranking reports about 100 employees and EUR 22 million turnover. The acquisition of Meding is noted; available figures remain below SME ceilings, provisional decision date 2026-09-13."
P24,H&K Müller,H&K Müller GmbH & Co. KG,Engelskirchen,North Rhine-Westphalia,plastics_processing,plastic injection moulding; toolmaking; printing and decoration,electric injection-moulding drives and certified energy management at one production site,INCLUDE,independent,https://www.hk-mueller.de/de/impressum/,https://www.hk-mueller.de/de/,ELIGIBILITY_REVIEWED,"Official sources identify the exact family-owned legal entity, one production site and about 110 employees. Financial thresholds remain open, so EU SME inclusion is probable and provisional; decision date 2026-09-13."
P25,Scheplast,Scheplast GmbH,Schwendi,Baden-Württemberg,plastics_processing,injection moulding; injection compression and foam moulding,"electric moulding drives, process cooling and onsite photovoltaic generation",INCLUDE,independent,https://scheplast.de/impressum/,https://scheplast.de/,ELIGIBILITY_REVIEWED,"Official sources identify the exact owner-managed entity, 50 employees and a single Swabian production location. Financial thresholds remain open, so EU SME inclusion is probable and provisional; decision date 2026-09-13."
P26,Barth Galvanik,Barth Galvanik GmbH,Oberursel,Hesse,metal_surface_heat,galvanic coating; zinc-flake coating and heat treatment,"electrochemical loads, baths, furnaces and power-quality relevance",INCLUDE,independent,https://barth-galvanik.de/,https://www.surface-technology-germany.de/aussteller-produkte/aussteller/surface-technology-germany/barth-galvanik-gmbh/107846,ELIGIBILITY_REVIEWED,"Official sources identify Barth Galvanik GmbH and its coating and heat-treatment processes. Trade-fair data report 101-250 employees and EUR 10-50 million turnover; another public profile reports about 140 employees. Probable EU SME, decision date 2026-09-13."
P27,BCE Special Ceramics,BCE Special Ceramics GmbH,Mannheim,Baden-Württemberg,glass_ceramics,technical-ceramic pressing; machining and furnace-process development,ceramic production and documented energy-efficient furnace research,INCLUDE,independent,https://www.bce-special-ceramics.com/company/,https://www.bce-special-ceramics.com/,ELIGIBILITY_REVIEWED,"Official company evidence states about 30 employees, owner management and no group affiliation. Exact financial figures remain open, so EU SME inclusion is probable and provisional; decision date 2026-09-13."
P28,Berg Brauerei Ulrich Zimmermann,Berg Brauerei Ulrich Zimmermann GmbH & Co. KG,Ehingen-Berg,Baden-Württemberg,food_beverage,brewing; boiling; fermentation; maturation and filling,Public company evidence supports brewing; boiling; fermentation; maturation and filling; this creates observable industrial-energy relevance without implying buying intent.,INCLUDE,probable_independent,https://www.bergbier.de/impressum,https://www.bergbier.de/,ELIGIBILITY_PROVISIONAL,Exact legal entity and process evidence were checked. SME inclusion remains provisional until final financial and linked-enterprise review; Anna source review is pending.
P29,Meckatzer Löwenbräu Benedikt Weiß,Meckatzer Löwenbräu Benedikt Weiß KG,Heimenkirch,Bavaria,food_beverage,brewing; boiling; fermentation; maturation and filling,Public company evidence supports brewing; boiling; fermentation; maturation and filling; this creates observable industrial-energy relevance without implying buying intent.,INCLUDE,probable_independent,https://www.meckatzer.de/impressum/,https://www.meckatzer.de/,ELIGIBILITY_PROVISIONAL,Exact legal entity and process evidence were checked. SME inclusion remains provisional until final financial and linked-enterprise review; Anna source review is pending.
P30,Privat-Brauerei Zötler,Privat-Brauerei Zötler GmbH,Rettenberg,Bavaria,food_beverage,brewing; boiling; fermentation; maturation and filling,Public company evidence supports brewing; boiling; fermentation; maturation and filling; this creates observable industrial-energy relevance without implying buying intent.,INCLUDE,probable_independent,https://www.familien-braukunst.de/impressum/,https://www.zoetler.de/,ELIGIBILITY_PROVISIONAL,Exact legal entity and process evidence were checked. SME inclusion remains provisional until final financial and linked-enterprise review; Anna source review is pending.
P31,Brauerei Clemens Härle,Brauerei Clemens Härle KG,Leutkirch im Allgäu,Baden-Württemberg,food_beverage,brewing; boiling; fermentation; maturation and filling,Public company evidence supports brewing; boiling; fermentation; maturation and filling; this creates observable industrial-energy relevance without implying buying intent.,INCLUDE,independent,https://www.haerle.de/impressum,https://um.baden-wuerttemberg.de/de/umwelt-natur/umwelt-und-wirtschaft/angebote-fuer-unternehmen/umweltpreis-fuer-unternehmen/umweltpreis-2024/brauerei-clemens-haerle,ELIGIBILITY_PROVISIONAL,Exact legal entity and process evidence were checked. SME inclusion remains provisional until final financial and linked-enterprise review; Anna source review is pending.
P32,Kronenbrauerei Otto Haizmann,Kronenbrauerei Otto Haizmann KG,Nagold-Hochdorf,Baden-Württemberg,food_beverage,brewing; boiling; fermentation; maturation and filling,Public company evidence supports brewing; boiling; fermentation; maturation and filling; this creates observable industrial-energy relevance without implying buying intent.,INCLUDE,unknown,https://hochdorfer.de/,https://hochdorfer.de/,ELIGIBILITY_PROVISIONAL,Exact legal entity and process evidence were checked. SME inclusion remains provisional until final financial and linked-enterprise review; Anna source review is pending.
P33,Gindele,Gindele GmbH,Neuhausen,Baden-Württemberg,plastics_processing,injection moulding; toolmaking and assembly,Public company evidence supports injection moulding; toolmaking and assembly; this creates observable industrial-energy relevance without implying buying intent.,INCLUDE,probable_independent,https://www.gindele.de/,https://www.neuhausen-enzkreis.de/,ELIGIBILITY_PROVISIONAL,Exact legal entity and process evidence were checked. SME inclusion remains provisional until final financial and linked-enterprise review; Anna source review is pending.
P34,KTS Kunststoff Technik Schmölln,KTS Kunststoff Technik Schmölln GmbH,Schmölln,Thuringia,plastics_processing,injection moulding; toolmaking and assembly,Public company evidence supports injection moulding; toolmaking and assembly; this creates observable industrial-energy relevance without implying buying intent.,INCLUDE,unknown,https://www.kts-schmoelln.de/,https://web.arbeitsagentur.de/,ELIGIBILITY_PROVISIONAL,Exact legal entity and process evidence were checked. SME inclusion remains provisional until final financial and linked-enterprise review; Anna source review is pending.
P35,MACK KUNSTSTOFFTECHNIK GMBH & CO.,MACK KUNSTSTOFFTECHNIK GMBH & CO. KG,Ulm,Baden-Württemberg,plastics_processing,injection moulding; toolmaking and assembly,Public company evidence supports injection moulding; toolmaking and assembly; this creates observable industrial-energy relevance without implying buying intent.,INCLUDE,probable_independent,https://mack-kunststoff.com/impressum/,https://mack-kunststoff.com/,ELIGIBILITY_PROVISIONAL,Exact legal entity and process evidence were checked. SME inclusion remains provisional until final financial and linked-enterprise review; Anna source review is pending.
P36,Kunststofftechnik Borgmann,Kunststofftechnik Borgmann GmbH,Bersenbrück,Lower Saxony,plastics_processing,injection moulding; toolmaking and assembly,Public company evidence supports injection moulding; toolmaking and assembly; this creates observable industrial-energy relevance without implying buying intent.,INCLUDE,family_owned,https://www.bogm.de/,https://web.arbeitsagentur.de/,ELIGIBILITY_PROVISIONAL,Exact legal entity and process evidence were checked. SME inclusion remains provisional until final financial and linked-enterprise review; Anna source review is pending.
P37,atka Kunststoffverarbeitung,atka Kunststoffverarbeitung GmbH,Lohne (Oldenburg),Lower Saxony,plastics_processing,injection moulding; toolmaking and assembly,Public company evidence supports injection moulding; toolmaking and assembly; this creates observable industrial-energy relevance without implying buying intent.,INCLUDE,probable_independent,https://www.atka.de/,https://www.atka.de/,ELIGIBILITY_PROVISIONAL,Exact legal entity and process evidence were checked. SME inclusion remains provisional until final financial and linked-enterprise review; Anna source review is pending.
P38,Krämer + Eckert,Krämer + Eckert GmbH & Co. KG,Ehingen,Baden-Württemberg,metal_surface_heat,anodising; powder coating and heat treatment,Public company evidence supports anodising; powder coating and heat treatment; this creates observable industrial-energy relevance without implying buying intent.,INCLUDE,family_owned,https://www.eloxalwerk-ehingen.com/kontakt/anfahrt/,https://eloxalwerk-ehingen.com/,ELIGIBILITY_PROVISIONAL,Exact legal entity and process evidence were checked. SME inclusion remains provisional until final financial and linked-enterprise review; Anna source review is pending.
P39,Eloxal Höfler,Eloxal Höfler GmbH,Steißlingen,Baden-Württemberg,metal_surface_heat,anodising and colouring of aluminium,Public company evidence supports anodising and colouring of aluminium; this creates observable industrial-energy relevance without implying buying intent.,INCLUDE,probable_independent,https://www.eloxal-hoefler.de/kontakt.html,https://www.eloxal-hoefler.de/,ELIGIBILITY_PROVISIONAL,Exact legal entity and process evidence were checked. SME inclusion remains provisional until final financial and linked-enterprise review; Anna source review is pending.
P40,OFTECH Oberflächentechnik,OFTECH Oberflächentechnik GmbH & Co. KG,Troisdorf,North Rhine-Westphalia,metal_surface_heat,rack and barrel surface treatment; galvanising,Public company evidence supports rack and barrel surface treatment; galvanising; this creates observable industrial-energy relevance without implying buying intent.,INCLUDE,unknown,https://oftech.de/,https://oftech.de/,ELIGIBILITY_PROVISIONAL,Exact legal entity and process evidence were checked. SME inclusion remains provisional until final financial and linked-enterprise review; Anna source review is pending.
P41,"Galvano Weis, Weis","Galvano Weis, Weis GmbH & Co., Galvanische-Werkstätte KG",Emmering,Bavaria,metal_surface_heat,electroplating; chemical nickel; hard anodising and precious-metal plating,Public company evidence supports electroplating; chemical nickel; hard anodising and precious-metal plating; this creates observable industrial-energy relevance without implying buying intent.,INCLUDE,family_owned,https://www.galvano-weis.com/,https://www.keytobavaria.com/,ELIGIBILITY_PROVISIONAL,Exact legal entity and process evidence were checked. SME inclusion remains provisional until final financial and linked-enterprise review; Anna source review is pending.
P42,OT Oberflächentechnik,OT Oberflächentechnik GmbH & Co. KG,Schwerin,Mecklenburg-Vorpommern,metal_surface_heat,industrial surface coating and pretreatment,Public company evidence supports industrial surface coating and pretreatment; this creates observable industrial-energy relevance without implying buying intent.,INCLUDE,unknown,https://www.ot-schwerin.de/,https://www.ot-schwerin.de/,ELIGIBILITY_PROVISIONAL,Exact legal entity and process evidence were checked. SME inclusion remains provisional until final financial and linked-enterprise review; Anna source review is pending.
P43,WZR ceramic solutions,WZR ceramic solutions GmbH,Rheinbach,North Rhine-Westphalia,glass_ceramics,ceramic development; forming; firing and additive manufacturing,Public company evidence supports ceramic development; forming; firing and additive manufacturing; this creates observable industrial-energy relevance without implying buying intent.,INCLUDE,independent,https://wzr-ceramic.de/impressum/,https://www.ressource-deutschland.de/,ELIGIBILITY_PROVISIONAL,Exact legal entity and process evidence were checked. SME inclusion remains provisional until final financial and linked-enterprise review; Anna source review is pending.
P44,OXIDKERAMIK J. Cardenas,OXIDKERAMIK J. Cardenas GmbH,Albershausen,Baden-Württemberg,glass_ceramics,alumina and silicon-carbide ceramic forming and sintering,Public company evidence supports alumina and silicon-carbide ceramic forming and sintering; this creates observable industrial-energy relevance without implying buying intent.,INCLUDE,probable_independent,https://oxidkeramik.de/,https://www.ceramic-applications.com/,ELIGIBILITY_PROVISIONAL,Exact legal entity and process evidence were checked. SME inclusion remains provisional until final financial and linked-enterprise review; Anna source review is pending.
P45,Glasmanufaktur HARZKRISTALL,Glasmanufaktur HARZKRISTALL GmbH,Derenburg,Saxony-Anhalt,glass_ceramics,glass melting; manual forming and annealing,Public company evidence supports glass melting; manual forming and annealing; this creates observable industrial-energy relevance without implying buying intent.,INCLUDE,foundation_owned,https://www.harzkristall.de/impressum,https://www.harzkristall.de/,ELIGIBILITY_PROVISIONAL,Exact legal entity and process evidence were checked. SME inclusion remains provisional until final financial and linked-enterprise review; Anna source review is pending.
P46,Porzellanfabrik Hermsdorf,Porzellanfabrik Hermsdorf GmbH,Hermsdorf,Thuringia,glass_ceramics,technical porcelain and ceramic production; firing,Public company evidence supports technical porcelain and ceramic production; firing; this creates observable industrial-energy relevance without implying buying intent.,INCLUDE,linked_enterprise_check,https://www.pofahermsdorf.de/impressum/,https://www.pofahermsdorf.de/,ELIGIBILITY_PROVISIONAL,Exact legal entity and process evidence were checked. SME inclusion remains provisional until final financial and linked-enterprise review; Anna source review is pending.
P47,hofmann CERAMiC,hofmann CERAMiC GmbH,Breitscheid-Erdbach,Hesse,glass_ceramics,technical ceramic forming and firing,Public company evidence supports technical ceramic forming and firing; this creates observable industrial-energy relevance without implying buying intent.,INCLUDE,linked_enterprise_check,https://www.hofmann-ceramic.de/en/imprint/,https://www.hofmann-ceramic.de/,ELIGIBILITY_PROVISIONAL,Exact legal entity and process evidence were checked. SME inclusion remains provisional until final financial and linked-enterprise review; Anna source review is pending.
P48,Andechser Natur,Andechser Molkerei Scheitz GmbH,Andechs,Bavaria,food_beverage,dairy processing and refrigeration,Technically relevant dairy process candidate screened during batch 02.,EXCLUDE,financial_threshold_failed,https://www.andechser-natur.de/de/impressum,https://de.wikipedia.org/wiki/Andechser_Molkerei_Scheitz,ELIGIBILITY_REVIEWED,"Public 2022 figures report 218 employees and EUR 201 million turnover. Turnover exceeds the EU SME ceiling, so the entity was excluded rather than used to fill the sample."
P49,SAXONIA Galvanik,SAXONIA Galvanik GmbH,Halsbrücke,Saxony,metal_surface_heat,plastic and metal electroplating,Technically relevant galvanic-process candidate screened during batch 02.,EXCLUDE,employee_threshold_failed,https://saxonia-galvanik.de/,https://saxonia-galvanik.de/saxonia-als-arbeitgeber/?lang=en,ELIGIBILITY_REVIEWED,"The official employer page states 300 employees. This exceeds the fewer-than-250-employees SME criterion, so the entity was excluded."
P50,Ayinger Privatbrauerei,Brauerei Aying Franz Inselkammer KG,Aying,Bavaria,food_beverage,brewing and fermentation,Official evidence supports an independent brewery with batch heat and cooling relevance without implying buying intent.,INCLUDE,probable_independent,https://www.brauerei-ayinger.de/impressum/,https://www.brauerei-ayinger.de/,ELIGIBILITY_PROVISIONAL,Exact legal entity and brewing evidence checked; final financial and linked-enterprise review remains pending.
P51,Distelhäuser Brauerei,Distelhäuser Brauerei Ernst Bauer GmbH & Co. KG,Tauberbischofsheim,Baden-Württemberg,food_beverage,brewing; wort cooling and heat recovery,Official evidence supports brewing and heat-recovery relevance without implying unmet demand.,INCLUDE,probable_independent,https://www.distelhaeuser.de/impressumdatenschutz/,https://www.distelhaeuser.de/unsere-brauerei/regionalitaet/,ELIGIBILITY_PROVISIONAL,Exact legal entity and process evidence checked; final financial and linked-enterprise review remains pending.
P52,Alpirsbacher Klosterbräu,Glauner GmbH,Alpirsbach,Baden-Württemberg,food_beverage,brewing and resource-intensive processing,Official evidence supports brewing-process relevance and independent family ownership.,INCLUDE,probable_independent,https://alpirsbacher.de/rechtliches/impressum/,https://alpirsbacher.de/ueber-uns/unsere-werte/,ELIGIBILITY_PROVISIONAL,Legal entity is kept separate from the public brand; final financial review remains pending.
P53,Brauerei Rittmayer,Brauerei Rittmayer Hallerndorf GmbH & Co. KG,Hallerndorf,Bavaria,food_beverage,brewing; filling; biomass heat and heat storage,Official evidence supports brewing and documented energy-system integration without implying further buying intent.,INCLUDE,probable_independent,https://rittmayer.de/impressum,https://rittmayer.de/nachhaltigkeit,ELIGIBILITY_PROVISIONAL,Documented deployment may support monitoring for optimisation or integration; final financial review remains pending.
P54,Privatbrauerei Waldhaus,Privatbrauerei Waldhaus Joh. Schmid GmbH,Weilheim (Waldhaus),Baden-Württemberg,food_beverage,brewing; refrigeration and filling,Official evidence supports brewing and refrigeration relevance plus documented PV and modernised cooling.,INCLUDE,probable_independent,https://www.waldhaus-bier.de/impressum/,https://www.waldhaus-bier.de/privatbrauerei/,ELIGIBILITY_PROVISIONAL,No battery or flexibility deployment is inferred from PV; final financial review remains pending.
P55,Merschbrock,Merschbrock Kunststoff Spritzguss GmbH,Verl,North Rhine-Westphalia,plastics_processing,injection moulding on more than 75 machines,Official evidence supports energy-relevant injection-moulding production.,INCLUDE,probable_independent,https://www.merschbrock.de/kontakt/,https://www.merschbrock.de/leistungen/,ELIGIBILITY_PROVISIONAL,Exact legal entity and process evidence checked; final financial and ownership review remains pending.
P56,Spritzguss Müller,Spritzguß Müller GmbH,Buchbach,Bavaria,plastics_processing,injection moulding and toolmaking,Official evidence supports injection-moulding production without implying deployed energy measures.,INCLUDE,probable_independent,https://www.spritzguss-mueller.de/en/impressum/,https://www.spritzguss-mueller.de/,ELIGIBILITY_PROVISIONAL,Exact legal spelling with ß is retained; final financial review remains pending.
P57,Stocker Kunststoff,Stocker Kunststoff GmbH,Edling,Bavaria,plastics_processing,injection moulding and toolmaking,Official evidence supports industrial injection-moulding relevance.,INCLUDE,probable_independent,https://www.stocker-kunststoff.de/impressum/,https://www.stocker-kunststoff.de/,ELIGIBILITY_PROVISIONAL,Exact legal entity and process evidence checked; final financial review remains pending.
P58,Dorn Spritzguss,Dorn Spritzguss GmbH,Tettnang-Hiltensweiler,Baden-Württemberg,plastics_processing,injection moulding and toolmaking,Official evidence supports industrial injection moulding and an ISO 14001 download entry.,INCLUDE,probable_independent,https://www.dorn-spritzguss.de/impressum/,https://www.dorn-spritzguss.de/leistungen/spritzguss/,ELIGIBILITY_PROVISIONAL,ISO 14001 validity is not asserted until the direct certificate is reviewed; final financial review remains pending.
P59,AK Kunststoffspritzguss,AK Kunststoffspritzguss GmbH & Co. KG,Abenberg,Bavaria,plastics_processing,injection moulding,Official evidence supports industrial injection-moulding relevance.,INCLUDE,probable_independent,https://ak-kunststoffspritzguss.com/impressum/,https://ak-kunststoffspritzguss.com/,ELIGIBILITY_PROVISIONAL,Exact legal entity and process evidence checked; final financial review remains pending.
P60,Hartchrom Beck,HARTCHROM Beck GmbH,Güglingen-Frauenzimmern,Baden-Württemberg,metal_surface_heat,hard chromium plating and metal finishing,Official evidence supports electrochemical metal-finishing relevance.,INCLUDE,probable_independent,https://www.hartchrom-beck.de/,https://www.hartchrom-beck.de/einsatzmoeglichkeiten/,ELIGIBILITY_PROVISIONAL,Exact legal entity and process evidence checked; final financial review remains pending.
P61,Galvanik Horstmann,Galvanik-Horstmann GmbH,Hildesheim,Lower Saxony,metal_surface_heat,electroplating and chemical pretreatment,Official evidence supports galvanic coating processes and resource relevance.,INCLUDE,probable_independent,https://www.galvanik-horstmann.de/impressum/,https://www.galvanik-horstmann.de/galvanotechnik/,ELIGIBILITY_PROVISIONAL,Generic ISO wording is not treated as a specific valid certificate; final financial review remains pending.
P62,Galvanotechnik Kessel,Galvanotechnik Kessel GmbH & Co. KG,Vechelde,Lower Saxony,metal_surface_heat,technical electroplating and surface coating,Official evidence and ZVO membership support electroplating-process relevance.,INCLUDE,probable_independent,https://www.galvanotechnik-kessel.de/impressum/,https://www.zvo.org/verband/mitgliedsunternehmen,ELIGIBILITY_PROVISIONAL,Exact legal entity and process evidence checked; final financial review remains pending.
P63,OTK Oberflächentechnik,OTK Oberflächentechnik Kaltenkirchen GmbH,Kaltenkirchen,Schleswig-Holstein,metal_surface_heat,galvanic and anodising processes,Official evidence supports galvanic and anodising relevance.,INCLUDE,probable_independent,https://otk-galvanik.de/,https://www.zvo.org/verband/mitgliedsunternehmen,ELIGIBILITY_PROVISIONAL,Exact legal entity and process evidence checked; final financial review remains pending.
P64,Wieland Metalloberflächentechnik,Wieland Metalloberflächentechnik GmbH,Schwetzingen,Baden-Württemberg,metal_surface_heat,precision electroplating,Official evidence identifies an independent contract electroplating operation.,INCLUDE,probable_independent,https://www.wieland-oberflaeche.de/impressum,https://www.wieland-oberflaeche.de/,ELIGIBILITY_PROVISIONAL,Exact legal entity and process evidence checked; final financial review remains pending.
P65,FÜRSTENBERG,Porzellanmanufaktur FÜRSTENBERG GmbH,Fürstenberg,Lower Saxony,glass_ceramics,porcelain forming; glazing and firing,Official and public evidence supports active porcelain manufacturing and kiln-process relevance.,INCLUDE,state_owned_sme_check,https://www.fuerstenberg-porzellan.com/,https://de.wikipedia.org/wiki/Porzellanmanufaktur_F%C3%BCrstenberg,ELIGIBILITY_PROVISIONAL,Public figures indicate SME scale; state ownership is recorded separately and final review remains pending.
P66,KPM Berlin,KPM Königliche Porzellan-Manufaktur Berlin GmbH,Berlin,Berlin,glass_ceramics,porcelain forming; glazing and firing,Official evidence supports active porcelain manufacture and kiln-process relevance.,INCLUDE,probable_independent,https://www.kpm-berlin.com/,https://www.stiftung-kpm.de/,ELIGIBILITY_PROVISIONAL,Exact legal entity and process evidence checked; final financial and ownership review remains pending.
P67,DOCERAM,DOCERAM GmbH,Dortmund,North Rhine-Westphalia,glass_ceramics,high-performance ceramic components,Official group evidence supports technical-ceramic production; the group reports 178 employees.,INCLUDE,linked_enterprise_check,https://www.moeschter-group.com/de/doceram/uebersicht/,https://www.moeschter-group.com/,ELIGIBILITY_PROVISIONAL,Linked-enterprise assessment uses group-level scale; final financial review remains pending.
P68,TechnoKer,TechnoKer GmbH,Küps,Bavaria,glass_ceramics,technical ceramic extrusion and firing,Official evidence supports technical-ceramic production and extrusion.,INCLUDE,probable_independent,https://technoker.de/impressum,https://technoker.de/,ELIGIBILITY_PROVISIONAL,Exact legal entity and process evidence checked; final financial review remains pending.
P69,Eisch,Glashütte Valentin Eisch GmbH,Frauenau,Bavaria,glass_ceramics,glass finishing,Technically relevant glass-finishing candidate screened during batch 03.,EXCLUDE,linked_enterprise_unresolved,https://www.eisch.de/,https://www.eisch.de/,ELIGIBILITY_REVIEWED,Official current evidence states that EISCH joined the ZWIESEL FORTESSA AG brand portfolio in October 2025. The legal-unit and linked-enterprise SME boundary is therefore not sufficiently established for inclusion.
P70,CERAM Ingenieurkeramik,ceram GmbH,Albbruck-Birndorf,Baden-Württemberg,glass_ceramics,ceramic spray and sinter powder production; melting and sintering,Official evidence supports high-temperature ceramic-material production at a small independent company.,INCLUDE,probable_independent,https://www.ceram-gmbh.de/impressum/,https://www.ceram-gmbh.de/leistungsspektrum/,ELIGIBILITY_PROVISIONAL,Official company evidence claims ISO 14001 but no direct certificate validity was established; final financial review remains pending.
P71,Flötzinger,Flötzinger Brauerei Franz Steegmüller GmbH & Co. KG,Rosenheim,Bavaria,food_beverage,brewing; boiling; fermentation,Official company evidence supports active beer production and batch thermal-process relevance.,INCLUDE,probable_independent,https://www.floetzinger.de/,https://www.floetzinger.de/,ELIGIBILITY_PROVISIONAL,Exact legal entity and brewing activity checked; final financial and ownership review remains pending.
P72,Hofbräuhaus Traunstein,Hofbräuhaus Traunstein Josef Sailer GmbH & Co. KG,Traunstein,Bavaria,food_beverage,brewing; boiling; fermentation,Official company evidence supports active beer production and batch thermal-process relevance.,INCLUDE,probable_independent,https://www.hb-ts.de/,https://www.hb-ts.de/,ELIGIBILITY_PROVISIONAL,Exact legal entity and brewing activity checked; final financial and ownership review remains pending.
P73,Weiherer Bier,Brauerei-Gasthof Kundmüller GmbH,Viereth-Trunstadt,Bavaria,food_beverage,brewing; boiling; fermentation,Official company evidence supports an operating brewery and batch thermal-process relevance.,INCLUDE,probable_independent,https://www.brauerei-kundmueller.de/,https://www.brauerei-kundmueller.de/,ELIGIBILITY_PROVISIONAL,Exact legal entity and brewing activity checked; final financial and ownership review remains pending.
P74,Maisel's Weisse,Brauerei Gebr. Maisel GmbH & Co. KG,Bayreuth,Bavaria,food_beverage,brewing; boiling; fermentation; maturation,"Official company evidence supports active brewing, maturation and batch thermal-process relevance.",INCLUDE,probable_independent,https://www.maisel.com/,https://www.maisel.com/,ELIGIBILITY_PROVISIONAL,Exact legal entity and family ownership signal checked; final financial review remains pending.
P75,Falter,Privatbrauerei J.B. Falter Regen KG,Regen,Bavaria,food_beverage,brewing; boiling; fermentation,Official company evidence supports active beer production; an official regional business profile reports 40 employees.,INCLUDE,independent,https://www.jb-falter.de/service/impressum,https://www.jb-falter.de/,ELIGIBILITY_PROVISIONAL,Exact legal entity and brewing activity checked; final financial review remains pending.
P76,Si-Tech Kunststofflösungen,Si-Tech Singer GmbH,Dornstetten,Baden-Württemberg,plastics_processing,technical thermoplastic injection moulding; toolmaking,Official company evidence supports technical thermoplastic injection moulding and a current production site.,INCLUDE,probable_independent,https://si-tech-gmbh.com/impressum/,https://si-tech-gmbh.com/,ELIGIBILITY_PROVISIONAL,Legal entity is kept separate from the public name Si-Tech Kunststofflösungen; final financial and ownership review remains pending.
P77,metak,metak GmbH & Co. KG,Burgwald,Hesse,plastics_processing,plastic injection moulding; toolmaking; assembly,"Official company evidence supports plastic injection moulding, toolmaking and assembly.",INCLUDE,probable_independent,https://www.metak.de/impressum,https://www.metak.de/,ELIGIBILITY_PROVISIONAL,Exact legal entity and process evidence checked; final financial and ownership review remains pending.
P78,Erlemann & Huckenbeck,Erlemann & Huckenbeck GmbH & Co. KG,Radevormwald,North Rhine-Westphalia,plastics_processing,thermoplastic and thermoset injection moulding; compression moulding,Company and trade evidence support production of thermoplastic and thermoset moulded parts.,INCLUDE,probable_independent,https://www.erlemann-huckenbeck.de/,https://www.erlemann-huckenbeck.de/,ELIGIBILITY_PROVISIONAL,"Official domain and exact legal entity checked; final financial, ownership and source-page review remain pending."
P79,Langer Group,Langer GmbH & Co. KG,Illmensee,Baden-Württemberg,plastics_processing,plastic injection moulding; toolmaking; series production,Official company evidence supports injection-moulded parts from tooling through series production.,INCLUDE,small_group,https://www.langer-group.de/Impressum-Langer-Group,https://www.langer-group.de/,ELIGIBILITY_PROVISIONAL,Small-group relationship is visible; final consolidated financial review remains pending.
P80,mkt,MKT Metall- und Kunststofftechnik GmbH,Küssaberg,Baden-Württemberg,plastics_processing,plastic injection moulding; toolmaking; assembly,Official company evidence supports plastic injection moulding and reports a workforce of 70.,INCLUDE,probable_independent,https://www.mkt-gmbh.org/impressum/,https://www.mkt-gmbh.org/,ELIGIBILITY_PROVISIONAL,Exact legal entity and process evidence checked; final financial and ownership review remains pending.
P81,ELB / CERANOD,Eloxalwerk Ludwigsburg Helmut Zerrer GmbH,Ludwigsburg,Baden-Württemberg,metal_surface_heat,technical; functional and decorative anodising,"Official company evidence supports technical, functional and decorative anodising.",INCLUDE,probable_independent,https://ceranod.de/impressum/,https://ceranod.de/,ELIGIBILITY_PROVISIONAL,Legal entity is kept separate from the CERANOD market name; final financial and ownership review remains pending.
P82,Galvanotec-Hagen,Galvanotec-Hagen GmbH & Co. KG,Hagen,North Rhine-Westphalia,metal_surface_heat,rack electroplating; zinc deposition; passivation,Official company evidence supports rack electroplating and galvanic zinc deposition.,INCLUDE,independent,https://www.galvanotec-hagen.de/,https://www.galvanotec-hagen.de/,ELIGIBILITY_PROVISIONAL,Exact legal entity and family-company signal checked; final financial review remains pending.
P83,galvanotec,Gerbracht & Mönch Galvanotechnik GmbH,Idar-Oberstein,Rhineland-Palatinate,metal_surface_heat,zinc-nickel electroplating; anodising; passivation,"Official company evidence supports automated zinc-nickel coating, anodising and passivation.",INCLUDE,probable_independent,https://www.galvanotec.de/impressum/,https://www.galvanotec.de/,ELIGIBILITY_PROVISIONAL,Exact legal entity and process evidence checked; final financial and ownership review remains pending.
P84,Sauer Oberflächentechnik,Sauer Oberflächentechnik GmbH,Neckarwestheim,Baden-Württemberg,metal_surface_heat,powder coating; pretreatment; shift production,"Official company evidence supports powder coating, pretreatment and shift operation.",INCLUDE,independent,https://sa-oberflaechen.de/impressum/,https://sa-oberflaechen.de/unsere-produktion/,ELIGIBILITY_PROVISIONAL,Exact legal entity and owner-management checked; final financial review remains pending.
P85,Schweizer Galvanotechnic,Die Schweizer Galvanotechnic GmbH & Co. KG,Heilbronn,Baden-Württemberg,metal_surface_heat,electroplating; metal surface finishing,Official company evidence supports galvanic metal surface finishing.,INCLUDE,probable_independent,https://www.galvanotechnic.de/,https://www.galvanotechnic.de/,ELIGIBILITY_PROVISIONAL,Exact legal entity and operating site checked; final financial and ownership review remains pending.
P86,GTS Keramik,GIESS- TECHNISCHE- SONDERKERAMIK GmbH & Co. KG,Düsseldorf,North Rhine-Westphalia,glass_ceramics,special ceramic casting products; ceramic forming and firing,Official company evidence supports special ceramic products and ceramic manufacturing relevance.,INCLUDE,probable_independent,https://gts-keramik.de/,https://gts-keramik.de/,ELIGIBILITY_PROVISIONAL,Exact legal entity and active production offer checked; final financial and ownership review remains pending.
P87,Ceramany,Ceramany GmbH,Menden,North Rhine-Westphalia,glass_ceramics,ceramic injection moulding; pressing; finishing,"Official company evidence supports ceramic injection moulding, pressing and precision finishing.",INCLUDE,small_group,https://ceramany.com/impressum/,https://ceramany.com/kontakt/,ELIGIBILITY_PROVISIONAL,International site relationship is visible; final group-scale and financial review remains pending.
P88,Ceramaret Meissen,Ceramaret Meissen GmbH,Meissen,Saxony,glass_ceramics,technical ceramic component production; precision finishing,Official group evidence identifies the German production entity and technical-ceramic component activity.,INCLUDE,linked_enterprise_check,https://ceramaret.com/de/legal/impressum,https://ceramaret.com/,ELIGIBILITY_PROVISIONAL,Swiss parent relationship requires final linked-enterprise SME assessment; inclusion remains provisional.
P89,TKF,TECHNISCHE KERAMIK FRÖMGEN GMBH,Korschenbroich,North Rhine-Westphalia,glass_ceramics,technical ceramic parts; forming; machining and firing,Official company evidence supports technical-ceramic parts and related production services.,INCLUDE,probable_independent,https://www.tkf-froemgen.de/,https://www.tkf-froemgen.de/,ELIGIBILITY_PROVISIONAL,Exact legal entity and technical-ceramic activity checked; final financial and ownership review remains pending.
P90,InnoKeramik,InnoKeramik & Technik GmbH,Düren,North Rhine-Westphalia,glass_ceramics,technical ceramic components; ceramic processing,Official company evidence supports technical-ceramic products and processing relevance.,INCLUDE,probable_independent,https://innokeramik.de/impressum/,https://innokeramik.de/,ELIGIBILITY_PROVISIONAL,Exact legal entity and current company site checked; final financial and ownership review remains pending.
P91,Riegele,Brauerei S. Riegele Inh. Riegele KG,Augsburg,Bavaria,food_beverage,brewing; boiling; fermentation; maturation and filling,Official company evidence supports an operating brewery and batch thermal-process relevance without establishing any energy-technology deployment.,INCLUDE,small_group,https://www.riegele.de/impressum/,https://www.riegele.de/,ELIGIBILITY_PROVISIONAL,Exact legal entity and process evidence were checked. SME inclusion remains provisional until final financial and linked-enterprise review; Anna source review is pending.
P92,Ketterer,Familienbrauerei M. Ketterer GmbH & Co. KG,Hornberg,Baden-Württemberg,food_beverage,brewing; boiling; fermentation; maturation and filling,Official company evidence supports an operating brewery and batch thermal-process relevance without establishing any energy-technology deployment.,INCLUDE,independent,https://www.kettererbier.de/impressum/,https://www.kettererbier.de/,ELIGIBILITY_PROVISIONAL,Exact legal entity and process evidence were checked. SME inclusion remains provisional until final financial and linked-enterprise review; Anna source review is pending.
P93,Brauerei Schimpfle,Brauerei Schimpfle GmbH & Co. KG,Gessertshausen,Bavaria,food_beverage,brewing; open fermentation; beverage filling,Official company evidence supports an operating brewery and batch thermal-process relevance without establishing any energy-technology deployment.,INCLUDE,probable_independent,https://www.brauerei-schimpfle.de/impressum/,https://www.brauerei-schimpfle.de/,ELIGIBILITY_PROVISIONAL,Exact legal entity and process evidence were checked. SME inclusion remains provisional until final financial and linked-enterprise review; Anna source review is pending.
P94,Kuchlbauer,Brauerei zum Kuchlbauer GmbH & Co. KG,Abensberg,Bavaria,food_beverage,wheat-beer brewing; boiling; fermentation; maturation and filling,Official company evidence supports an operating brewery and batch thermal-process relevance without establishing any energy-technology deployment.,INCLUDE,probable_independent,https://kuchlbauer.de/impressum/,https://kuchlbauer.de/,ELIGIBILITY_PROVISIONAL,Exact legal entity and process evidence were checked. SME inclusion remains provisional until final financial and linked-enterprise review; Anna source review is pending.
P95,Winkler-Bräu,Winkler-Bräu GmbH & Co. KG,Velburg,Bavaria,food_beverage,brewing; open fermentation; maturation and filling,Official company evidence supports an operating brewery and batch thermal-process relevance without establishing any energy-technology deployment.,INCLUDE,independent,https://www.winkler-braeu.de/impressum/,https://www.winkler-braeu.de/,ELIGIBILITY_PROVISIONAL,Exact legal entity and process evidence were checked. SME inclusion remains provisional until final financial and linked-enterprise review; Anna source review is pending.
P96,PEKA Spritzguss,PEKA Spritzguss GmbH,Velbert,North Rhine-Westphalia,plastics_processing,technical thermoplastic injection moulding; development and series production,Official company evidence supports injection-moulding production with electric-drive and process-cooling relevance without establishing any energy-technology deployment.,INCLUDE,probable_independent,https://www.peka-spritzguss.de/,https://www.peka-spritzguss.de/,ELIGIBILITY_PROVISIONAL,Exact legal entity and process evidence were checked. SME inclusion remains provisional until final financial and linked-enterprise review; Anna source review is pending.
P97,PECO,Peltzer & Co. GmbH,Neuenrade,North Rhine-Westphalia,plastics_processing,technical thermoplastic injection moulding; insert moulding; assembly,Official company evidence supports injection-moulding production with electric-drive and process-cooling relevance without establishing any energy-technology deployment.,INCLUDE,probable_independent,https://www.peco-germany.com/impressum/,https://www.peco-germany.com/,ELIGIBILITY_PROVISIONAL,Exact legal entity and process evidence were checked. SME inclusion remains provisional until final financial and linked-enterprise review; Anna source review is pending.
P98,Robert Frank,Robert Frank GmbH & Co. KG,Berchtesgaden,Bavaria,plastics_processing,toolmaking; injection moulding; component assembly,Official company evidence supports injection-moulding production with electric-drive and process-cooling relevance without establishing any energy-technology deployment.,INCLUDE,independent,https://www.frank-formenbau-spritzguss.de/impressum/,https://www.frank-formenbau-spritzguss.de/,ELIGIBILITY_PROVISIONAL,Exact legal entity and process evidence were checked. SME inclusion remains provisional until final financial and linked-enterprise review; Anna source review is pending.
P99,Kunststofftechnik Breitungen,Kunststofftechnik Breitungen GmbH & Co. KG,Breitungen,Thuringia,plastics_processing,plastic injection moulding; toolmaking; finishing and assembly,Official company evidence supports injection-moulding production with electric-drive and process-cooling relevance without establishing any energy-technology deployment.,INCLUDE,probable_independent,https://www.kt-breitungen.de/,https://www.kt-breitungen.de/,ELIGIBILITY_PROVISIONAL,Exact legal entity and process evidence were checked. SME inclusion remains provisional until final financial and linked-enterprise review; Anna source review is pending.
P100,Kläger Spritzguss,Kläger Spritzguss GmbH & Co. KG,Dornstetten,Baden-Württemberg,plastics_processing,plastic injection moulding; toolmaking and series production,Official company evidence supports injection-moulding production with electric-drive and process-cooling relevance without establishing any energy-technology deployment.,INCLUDE,probable_independent,https://kunststoffspritzguss-produzent.de/,https://klaeger.de/,ELIGIBILITY_PROVISIONAL,Exact legal entity and process evidence were checked. SME inclusion remains provisional until final financial and linked-enterprise review; Anna source review is pending.
P101,METOBA,Metoba Metalloberflächenbearbeitung GmbH,Lüdenscheid,North Rhine-Westphalia,metal_surface_heat,band; rack and barrel electroplating; selective plating,Official company evidence supports electrochemical or anodising production with rectifier and power-quality relevance without establishing any energy-technology deployment.,INCLUDE,probable_independent,https://www.metoba.de/impressum/,https://www.metoba.de/,ELIGIBILITY_PROVISIONAL,Exact legal entity and process evidence were checked. SME inclusion remains provisional until final financial and linked-enterprise review; Anna source review is pending.
P102,Rudolf Clauss,Rudolf Clauss GmbH & Co. KG,Mülheim an der Ruhr,North Rhine-Westphalia,metal_surface_heat,electroplating; silvering; tinning; zinc coating and hard anodising,Official company evidence supports electrochemical or anodising production with rectifier and power-quality relevance without establishing any energy-technology deployment.,INCLUDE,independent,https://www.rudolf-clauss.de/,https://www.rudolf-clauss.de/,ELIGIBILITY_PROVISIONAL,Exact legal entity and process evidence were checked. SME inclusion remains provisional until final financial and linked-enterprise review; Anna source review is pending.
P103,Wigl Metallveredelung,Metallveredelung Gebrüder Wigl GmbH,Neufahrn,Bavaria,metal_surface_heat,anodising; zinc-nickel; chemical nickel and galvanic coating,Official company evidence supports electrochemical or anodising production with rectifier and power-quality relevance without establishing any energy-technology deployment.,INCLUDE,small_group,https://www.wigl-gmbh.de/,https://www.wigl-gmbh.de/,ELIGIBILITY_PROVISIONAL,Exact legal entity and process evidence were checked. SME inclusion remains provisional until final financial and linked-enterprise review; Anna source review is pending.
P104,Holder Oberflächentechnik,Holder GmbH Oberflächentechnik,Kirchheim unter Teck,Baden-Württemberg,metal_surface_heat,zinc; zinc-nickel; chemical nickel; anodising and heat treatment,Official company evidence supports electrochemical or anodising production with rectifier and power-quality relevance without establishing any energy-technology deployment.,INCLUDE,linked_enterprise_check,https://holder-oft.de/impressum/,https://holder-oft.de/,ELIGIBILITY_PROVISIONAL,Exact legal entity and process evidence were checked. SME inclusion remains provisional until final financial and linked-enterprise review; Anna source review is pending.
P105,Dresdner Silber,Dresdner Silber und Metallveredlung GmbH,Dresden,Saxony,metal_surface_heat,rack and barrel electroplating; precious-metal and nickel coating,Official company evidence supports electrochemical or anodising production with rectifier and power-quality relevance without establishing any energy-technology deployment.,INCLUDE,probable_independent,https://www.dresdnersilber.de/impressum/,https://www.dresdnersilber.de/,ELIGIBILITY_PROVISIONAL,Exact legal entity and process evidence were checked. SME inclusion remains provisional until final financial and linked-enterprise review; Anna source review is pending.
P106,Felix Vuckovic Technische Keramik,Felix Vuckovic - Technische Keramik GmbH,Ludwigsburg,Baden-Württemberg,glass_ceramics,custom technical-ceramic components; material selection and production,Official company evidence supports ceramic or porcelain production with forming and firing relevance without establishing any energy-technology deployment.,INCLUDE,independent,https://www.fv-technische-keramik.de/impressum/,https://www.fv-technische-keramik.de/,ELIGIBILITY_PROVISIONAL,Exact legal entity and process evidence were checked. SME inclusion remains provisional until final financial and linked-enterprise review; Anna source review is pending.
P107,DIBBERN Porzellanmanufaktur,Dibbern Porzellanmanufaktur GmbH,Hohenberg an der Eger,Bavaria,glass_ceramics,fine bone china forming; glazing and firing,Official company evidence supports ceramic or porcelain production with forming and firing relevance without establishing any energy-technology deployment.,INCLUDE,small_group,https://www.dibbern.de/en/about-us/,https://www.dibbern.de/en/about-dibbern/manufactory/,ELIGIBILITY_PROVISIONAL,Exact legal entity and process evidence were checked. SME inclusion remains provisional until final financial and linked-enterprise review; Anna source review is pending.
P108,Porzellanmanufaktur Reichenbach,Porzellanmanufaktur Reichenbach GmbH,Reichenbach,Thuringia,glass_ceramics,porcelain forming; glazing; decoration and firing,Official company evidence supports ceramic or porcelain production with forming and firing relevance without establishing any energy-technology deployment.,INCLUDE,probable_independent,https://reichenbach-porzellan.de/,https://reichenbach-porzellan.de/manufaktur/,ELIGIBILITY_PROVISIONAL,Exact legal entity and process evidence were checked. SME inclusion remains provisional until final financial and linked-enterprise review; Anna source review is pending.
P109,Porzellan Manufaktur Nymphenburg,Porzellan Manufaktur Nymphenburg GmbH & Co. KG,Munich,Bavaria,glass_ceramics,porcelain forming; glazing; painting and firing,Official company evidence supports ceramic or porcelain production with forming and firing relevance without establishing any energy-technology deployment.,INCLUDE,probable_independent,https://www.nymphenburg.com/policies/legal-notice,https://www.nymphenburg.com/,ELIGIBILITY_PROVISIONAL,Exact legal entity and process evidence were checked. SME inclusion remains provisional until final financial and linked-enterprise review; Anna source review is pending.
P110,Eschenbach Porzellan,Neue Porzellanfabrik Triptis GmbH,Triptis,Thuringia,glass_ceramics,porcelain forming; glazing; decoration and firing,Official company evidence supports ceramic or porcelain production with forming and firing relevance without establishing any energy-technology deployment.,INCLUDE,small_group,https://eschenbachporzellan.de/impressum,https://www.triptisporzellan.de/,ELIGIBILITY_PROVISIONAL,Exact legal entity and process evidence were checked. SME inclusion remains provisional until final financial and linked-enterprise review; Anna source review is pending.
