source_id,company_id,source_url,checked_at,retrieval_status,http_status,final_url,content_kind,content_sha256,content_review_status,relevant_location,scope_note,retrieval_note,checked_by
S-P07-10,P07,https://www.varioplast.de/de/unternehmen/highlights,2026-10-08T11:53:55+00:00,RETRIEVABLE,200,https://www.varioplast.de/de/unternehmen/highlights,HTML,378e215e1f21e33690fd65cf8fb7a8f26ea560d2497f4a1eab4eed0050f85287,RECHECKED,Unternehmen / Highlights / Formenbau China,Eigene Tochter VARIOPLAST CO. (HK) Ltd betreut chinesische Formenbaupartner; ihre Beschäftigten und Finanzen sind nicht aggregiert.,Complete body inspected for the named passages; scope and period retained.,Codex
S-P10-01,P10,https://www.oskar-lehmann.de/en/imprint.html,2026-10-08T11:52:31+00:00,RETRIEVABLE,200,https://www.oskar-lehmann.de/en/imprint.html,HTML,61567134e51cde1b39dd0258b9feada155036645d1ca3c83e73a739c4c7edac8,RECHECKED,Imprint / commercial register,KG HRA 3897 und persönlich haftende Oskar Lehmann Beteiligungs GmbH HRB 5257; Managementnamen belegen keine vollständigen Eigentumsquoten.,Complete body inspected for the named passages; scope and period retained.,Codex
S-P32-02,P32,https://hochdorfer.de/vom-rohstoff-zum-bier/,2026-10-08T11:53:38+00:00,RETRIEVABLE,200,https://hochdorfer.de/vom-rohstoff-zum-bier/,HTML,0c3a9f2ebdfb647afbdc6358f39af33e17f2ca80acb287c24caf46fb69079162,RECHECKED,Vom Rohstoff zum Bier,"Brauprozess und regionale Beschaffung; keine datierten Mitarbeiter-, Finanz- oder Gesellschafterkennzahlen in diesem Dokument.",Complete body inspected for the named passages; scope and period retained.,Codex
S-P34-05,P34,https://www.losse-holding.de/,2026-10-08T11:54:01+00:00,RETRIEVABLE,200,https://www.losse-holding.de/,HTML,5ba437ec98f704f7e13e037ad4630f14b3aff379c2f0ebb2d4a46eba52116350,RECHECKED,Beteiligungen / Unser Portfolio,Losse Holding nennt KTS im eigenen Beteiligungsportfolio; Beteiligungsquote und Gruppenabschluss fehlen.,Complete body inspected for the named passages; scope and period retained.,Codex
S-P34-06,P34,https://www.schmoelln.de/stadt-und-rathaus/weitere-seiten/presseberichte/2025/03/3-jungunternehmer-stammtisch-in-schmoelln-einblick-in-die-produktion-und-austausch-auf-augenhoehe,2026-10-08T11:54:01+00:00,RETRIEVABLE,200,https://www.schmoelln.de/stadt-und-rathaus/weitere-seiten/presseberichte/2025/03/3-jungunternehmer-stammtisch-in-schmoelln-einblick-in-die-produktion-und-austausch-auf-augenhoehe,HTML,6838adabceba7414c3726880b081a679b7ca1458d987bdc5c87dc760beafbe96,RECHECKED,3. Jungunternehmer-Stammtisch / 2025-03,Stadtbericht nennt rund 85 Beschäftigte bei KTS; dies ist keine konsolidierte Gruppenkennzahl.,Complete body inspected for the named passages; scope and period retained.,Codex
S-P42-04,P42,https://www.ot-schwerin.de/impressum.html,2026-10-08T11:56:19+00:00,RETRIEVABLE,200,https://www.ot-schwerin.de/impressum.html,HTML,c1c3d938d72b6688aec9e35a4cbf09782b6c6b67e0865b9b78b3ac195565f2c9,RECHECKED,Impressum,OT Beteiligungsgesellschaft mbH ist persönlich haftende Gesellschafterin der OT Oberflächentechnik GmbH & Co. KG; vollständige Kette und Gruppenfinanzen bleiben offen.,Complete body inspected for the named passages; scope and period retained.,Codex
S-P47-08,P47,https://ifglgroup.com/wp-content/uploads/2026/07/Annual-Report-25-26.pdf,2026-10-08T11:56:10+00:00,RETRIEVABLE,200,https://ifglgroup.com/wp-content/uploads/2026/07/Annual-Report-25-26.pdf,PDF,1bb3835dab282959e1fac32fc48f35e4caa3fd7b3a251bdc78a8dd5dddef45b5,RECHECKED,"Annual Report 2025-26 / Annexure A (p49), Annexure F (p56), consolidated subsidiary table",IFGL nennt Hofmann mit identischer HRB 7319 und 100 Prozent Beteiligung. Die Mutter nennt 1.180 dauerhafte Beschäftigte am 31.03.2026; Stichtagskopfzahl ist keine EU-Jahresarbeitseinheiten-Berechnung.,Complete body inspected for the named passages; scope and period retained.,Codex
S-P47-09,P47,https://ifglgroup.com/wp-content/uploads/2026/07/Hofmann-Gmbh.pdf,2026-10-08T11:56:10+00:00,RETRIEVABLE,200,https://ifglgroup.com/wp-content/uploads/2026/07/Hofmann-Gmbh.pdf,PDF,3b2ca43610acb9548e8d485a23ac1df5ab844092117f8448f6d02c62a4c02a2b,RECHECKED,Annual financial statements / cover and balance sheet,Eigener Abschluss für hofmann CERAMIC GmbH in Breitscheid zum 31.03.2026; Einzelgesellschaftsabschluss ersetzt nicht die Gruppenaggregation.,Complete body inspected for the named passages; scope and period retained.,Codex
S-P65-04,P65,https://www.mf.niedersachsen.de/download/226797/Beteiligungsbericht_2025_nicht_barrierefrei_dieser_wird_zu_einem_spaeteren_Zeitpunkt_bereitgestellt_.pdf,2026-10-08T11:56:10+00:00,RETRIEVABLE,200,https://www.mf.niedersachsen.de/download/226797/Beteiligungsbericht_2025_nicht_barrierefrei_dieser_wird_zu_einem_spaeteren_Zeitpunkt_bereitgestellt_.pdf,PDF,079296368cc7ed0548056c6119014a869915f38d4621809a5de82a09d45fa349,RECHECKED,"Beteiligungsbericht 2025 / Fürstenberg Holding pp55-57, Porzellanmanufaktur pp98-100","Fürstenberg Holding hält 98 Prozent an der Manufaktur. Für 2024 nennt der Bericht 79 Beschäftigte, 6,198 Mio. EUR Umsatz und 6,916 Mio. EUR Bilanzsumme der Manufaktur. Holding-Bilanzsumme 106,82 Mio. EUR; diese ist keine Manufakturkennzahl. Seit Verschmelzung im Mai 2025 liegt die Holding unter HanBG; staatliche Kontrolle und mögliche EU-Ausnahme bleiben entscheidend.",Complete body inspected for the named passages; scope and period retained.,Codex
S-P67-02,P67,https://www.moeschter-group.com/,2026-10-08T11:53:03+00:00,RETRIEVABLE,200,https://www.moeschter-group.com/de/,HTML,a8b9ddea214707a5950e46ec56395166a42a9b5d021e9970b66f313fffaf488d,RECHECKED,Startseite / drei eigenständige Geschäftseinheiten,"MOESCHTER nennt DOCERAM, DOTHERM und ISOCOS als drei Geschäftseinheiten. Die bisher verzeichneten 178 Beschäftigten sind hier nicht als aktuelle datierte Gruppenkennzahl bestätigt.",Complete body inspected for the named passages; scope and period retained.,Codex
S-P88-06,P88,https://ceramaret.com/de/unser-unternehmen/mitarbeiter,2026-10-08T11:56:20+00:00,RETRIEVABLE,200,https://ceramaret.com/de/unser-unternehmen/mitarbeiter,HTML,89c45754e13501b07c98541dc810d0ad040667aefeb9746dd1ef77de5a83f8a1,RECHECKED,Unser Unternehmen / Mitarbeiter,"Ceramaret nennt mehr als 300 Beschäftigte; Aussage betrifft Ceramaret, nicht nur die Meissener Gesellschaft und ist undatiert.",Complete body inspected for the named passages; scope and period retained.,Codex
S-P88-07,P88,https://ceramaret.com/en/news/press-releases/press-release,2026-10-08T11:54:06+00:00,RETRIEVABLE,200,https://ceramaret.com/en/news/press-releases/press-release,HTML,dda524b5fcffbeab1ce3b39e402e8768697d9ab981d7d279ab3de4302f0eb227,RECHECKED,"Press releases / acquisition 2018, renaming 2020, TKC acquisition 2023","Eigene Mitteilungen dokumentieren die Übernahme von MicroCeram durch Ceramaret SA 2018, Umbenennung 2020 sowie die TKC-Übernahme 2023. Der genaue aktuelle Konsolidierungskreis muss anhand von Anteilen und Jahresarbeitseinheiten geprüft werden.",Complete body inspected for the named passages; scope and period retained.,Codex
S-P104-08,P104,https://holder-oft.de/unternehmen/daten-und-fakten/,2026-10-08T11:54:07+00:00,RETRIEVABLE,200,https://holder-oft.de/unternehmen/daten-und-fakten/,HTML,0775ed913a48445d6358ce6b90a93d8063eb0f0701e51e584995160c24914a59,RECHECKED,Daten und Fakten / Im Überblick,"Eigene Seite bestätigt Holder GmbH Oberflächentechnik, HRB 230335 und Geschäftsführung; keine Mitarbeiterzahl, Gruppenfinanzen oder vollständige Eigentumskette im Faktenblock.",Complete body inspected for the named passages; scope and period retained.,Codex
S-P109-01,P109,https://www.nymphenburg.com/policies/legal-notice,2026-10-08T11:53:14+00:00,RETRIEVABLE,200,https://www.nymphenburg.com/policies/legal-notice,HTML,0f9f9a6683fab7cb0cfa14f3c26fc40babe94f2340632b428a260aba2e29b815,RECHECKED,Legal notice / Impressum,"Aktuelles Impressum nennt Königliche Porzellan Manufaktur Nymphenburg GmbH & Co. KG, München HRA 48197. Der gespeicherte Name lässt Königliche aus; keine belegte Rechtsnachfolge allein aus der Website ableiten.",Complete body inspected for the named passages; scope and period retained.,Codex
S-P110-01,P110,https://eschenbachporzellan.de/impressum,2026-10-08T11:53:15+00:00,RETRIEVABLE,200,https://eschenbachporzellan.de/impressum,HTML,c2954d493cef72da853f6cf64a754d20f6ad55609041034ca8353804b94f96c9,RECHECKED,Impressum / Stand Januar 2024,"Markenwebsite nennt Eschenbach Porzellan GmbH, Jena HRB 521093; dies entspricht nicht dem gespeicherten Namen Neue Porzellanfabrik Triptis GmbH.",Complete body inspected for the named passages; scope and period retained.,Codex
S-P110-05,P110,https://eschenbachshop.de/pages/agb,2026-10-08T11:54:11+00:00,RETRIEVABLE,200,https://eschenbachshop.de/pages/agb,HTML,f5998b0ecf737f16490f3654f22041786a9a98514c8d8c7c48c0dcbbd65ad9aa,RECHECKED,"AGB / Präambel, Ziffer 2, Widerruf / Stand September 2014",Shop-AGB nennen Eschenbach im Eingang und Neue Porzellanfabrik Triptis im Vertrag/Widerruf. Stand September 2014 und widersprüchliche Betreiberangaben sind keine aktuelle Rechtsnachfolge- oder Produktionsbestätigung.,Complete body inspected for the named passages; scope and period retained.,Codex
S-P04-06,P04,https://www.lammsbraeu.de/hubfs/Dachmarke/resources/documents/Nachhaltigkeitsberichte/GRI-Bericht2023_Neumarkter%20Lammsbr%C3%A4u_final%2020240913.pdf,2026-10-08T11:52:41+00:00,RETRIEVABLE,200,https://www.lammsbraeu.de/hubfs/Dachmarke/resources/documents/Nachhaltigkeitsberichte/GRI-Bericht2023_Neumarkter%20Lammsbr%C3%A4u_final%2020240913.pdf,PDF,b26e7800b14e8323a5c6b23e5e7cbf850fbcd10cf9a1ec68c292d5953b70bb84,RECHECKED,"GRI report 2023 / heat supply, investments and climate strategy","Gasbasierte Brau-/Mälzereiwärme, Energiecontrolling und PV-Projekt 2023 sind dokumentiert; künftiges Wärmenetz, Wärmepumpen und Speicher benötigen einen Betriebsnachweis.",Complete body inspected for the named passages; scope and period retained.,Codex
S-P05-04,P05,https://www.einbecker-brauhaus.de/files/einbecker_gruppe/content/leitbild-und-werte/nachhaltigkeit/umwelterklaerung-ebag-2025.pdf,2026-10-08T11:52:42+00:00,RETRIEVABLE,200,https://www.einbecker-brauhaus.de/files/einbecker_gruppe/content/leitbild-und-werte/nachhaltigkeit/umwelterklaerung-ebag-2025.pdf,PDF,21fc0f9176bb687fca2ac38d71e294b65d363005177cd48bea04890491216782,RECHECKED,"Umwelterklärung 2025 / history, energy indicators and environmental programme","Dampfkessel mit Erdgas/Heizöl, Druckluft-Wärmerückgewinnung und seit 2023 aktive Biogaserzeugung sind dokumentiert. Künftige Wärmemaßnahmen im Programm sind keine Inbetriebnahmebelege.",Complete body inspected for the named passages; scope and period retained.,Codex
S-P100-03,P100,https://klaeger.de/unternehmen/nachhaltikgeit/,2026-10-08T11:53:25+00:00,RETRIEVABLE,200,https://klaeger.de/de/unternehmen/nachhaltikgeit/,HTML,64d6c520b2cf9bdd1af917cf1e70b4780dee150175cd006926c47232746ce274,RECHECKED,Umwelt und Gesellschaft,Kläger nennt eigene Photovoltaik und Wärmerückgewinnung für Heizungszwecke. Bau-/Raumwärme ist keine belegte elektrische Sinterwärme.,Complete body inspected for the named passages; scope and period retained.,Codex
S-P100-05,P100,https://klaeger.de/wp-content/uploads/Prozessbeschreibung-Keramikspritzguss.pdf,2026-10-08T11:53:26+00:00,RETRIEVABLE,200,https://klaeger.de/wp-content/uploads/Prozessbeschreibung-Keramikspritzguss.pdf,PDF,a56385c7276555355331a3e2b6475409cef3d8f9ac2db2ce0453b1b5fca9e0d9,RECHECKED,Prozessbeschreibung Keramikspritzguss / Entbindern und Sintern,Eigenes Keramikspritzguss-Dokument beschreibt Entbinderung und Sinterung; genaue aktuelle Brennstoffe und Restwärmelasten bleiben offen.,Complete body inspected for the named passages; scope and period retained.,Codex
S-P12-03,P12,https://www.richard-henkel.de/downloads.html?file=files/downloads/2024_Umwelterklaerung_Richard_Henkel.pdf,2026-10-08T11:52:47+00:00,RETRIEVABLE,200,https://www.richard-henkel.de/downloads.html?file=files/downloads/2024_Umwelterklaerung_Richard_Henkel.pdf,PDF,d53906c8788edf349d57aad4cfa0642a38bd41576ca206082f323b5bce4c59a8,RECHECKED,Umwelterklärung 2024 / Umweltprogramm 2025,Flüssiggas in der Beschichtung und umgesetzte Druckluftoptimierung sind dokumentiert. PV mit elektrischem Speicher ist geplant; dies belegt keinen nutzbaren thermischen Speicher.,Complete body inspected for the named passages; scope and period retained.,Codex
S-P18-05,P18,https://lamberts.de/unsere-glasherstellung,2026-10-08T11:56:10+00:00,RETRIEVABLE,200,https://lamberts.de/unsere-glasherstellung,HTML,c9712589167b6b0e038e4d3c6a28f4ccf54768a9dd5a5acb54dfe103bdcb051c,RECHECKED,Unsere Glasherstellung / Schritt 2,Eigener Prozess nennt 1.450 Grad Celsius und 14 Stunden Schmelzen; Temperatur und Prozessdauer belegen keine frei verschiebbare Betriebszeit.,Complete body inspected for the named passages; scope and period retained.,Codex
S-P18-06,P18,https://lamberts.de/stellenangebote,2026-10-08T11:56:10+00:00,RETRIEVABLE,200,https://lamberts.de/stellenangebote,HTML,52133f21578536dfa3351a0be7c928feb9da12dc80e1af1b516dc347e0a900c7,RECHECKED,Stellenangebote / Betriebselektriker in Waldsassen / Aufgaben,"Eigene Stellenanzeige beschreibt Steuerungen und Antriebe der Schmelzöfen und Produktionsanlagen im laufenden Betrieb. Sie belegt Antriebs- und Steuerungsrelevanz; elektrische Anlagen beweisen keine elektrische Schmelzwärme. Feste Arbeitszeit betrifft diese Stelle, nicht alle Ofenlaufzeiten.",Complete body inspected for the named passages; scope and period retained.,Codex
S-P25-05,P25,https://scheplast.de/nachhaltigkeit/,2026-10-08T11:53:17+00:00,RETRIEVABLE,200,https://scheplast.de/nachhaltigkeit/,HTML,08ae8d900ae6a53dbb800b066949a5f37f06da3fd80092a5a65d52c561699ca3,RECHECKED,Nachhaltigkeit / Regionalität,"Eigene PV-Anlage und Abwärmenutzung sind dokumentiert; keine Batterie-Inbetriebnahme, thermische Speichergröße oder datierter Abschluss dieser Energieprojekte in diesem Text.",Complete body inspected for the named passages; scope and period retained.,Codex
S-P29-03,P29,https://www.meckatzer.de/fileadmin/user_data/dokumente/260929_Nachhaltigkeitsbericht_WEB.pdf,2026-10-08T11:53:18+00:00,RETRIEVABLE,200,https://www.meckatzer.de/fileadmin/user_data/dokumente/260929_Nachhaltigkeitsbericht_WEB.pdf,PDF,96da60f5b7782c04142c22dd32ba65f38a8f22952b90321db5a47b8e6f1027fc,RECHECKED,"Nachhaltigkeitsbericht 2026 / Energieeffizienz, Reifekeller, Maßnahmenprogramm","Erdgas-Dampf und BHKW, Abwärmenutzung sowie Reifekeller-Inbetriebnahme Juli 2022 sind dokumentiert. Bericht enthält ältere Passagen über defekten Brüdenverdichter; Reparatur und heutiger Betriebszustand bleiben offen. Kein expliziter nutzbarer thermischer Lastverschiebespeicher im geprüften Text.",Complete body inspected for the named passages; scope and period retained.,Codex
S-P76-04,P76,https://si-tech-gmbh.com/unternehmen/nachhaltigkeit,2026-10-08T11:53:18+00:00,RETRIEVABLE,200,https://si-tech-gmbh.com/unternehmen/nachhaltigkeit,HTML,1e0ac5e9ce0aa9c695543d0b76fc103037021f04adba76c56e7d66a37c1ae8c3,RECHECKED,Nachhaltigkeit / Photovoltaikanlage,Eigene PV und Umweltmanagement nach ISO 14001 sind dokumentiert; Wärmerückgewinnung und PV-Inbetriebnahmedatum bleiben unbelegt.,Complete body inspected for the named passages; scope and period retained.,Codex
S-P77-03,P77,https://www.metak.de/umwelt/leitlinien-massnahmen,2026-10-08T11:53:23+00:00,RETRIEVABLE,200,https://www.metak.de/umwelt/leitlinien-massnahmen,HTML,87c2a6dd9ab3a6dc2bd27041b5ba846f449932b83fc7b44e204f330ddd2d23e6,RECHECKED,"Leitlinien / Maßnahmen, Freikühlanlage, Ressourcen und Energieverbrauch","Eigene Wärmerückgewinnung senkt Heizöl für Heiz- und Prozesszwecke; Freikühlung senkt Kältekompressorlaufzeit. Historische Rückgewinnungsprojekte 1988, 2004 und 2008 liegen außerhalb des jüngsten Fünfjahresfensters.",Complete body inspected for the named passages; scope and period retained.,Codex
S-P77-06,P77,https://www.metak.de/fileadmin/Kundenbereich/Zertifikate/Metak_Zertifikat_50001_deutsch_2026.pdf,2026-10-08T11:53:24+00:00,RETRIEVABLE,200,https://www.metak.de/fileadmin/Kundenbereich/Zertifikate/Metak_Zertifikat_50001_deutsch_2026.pdf,PDF,f6f8f3838dbe68399bc8f7a64dcb87ebc605e89b472662ed7c1d0f4741533d39,RECHECKED,"ISO 50001 certificate / holder, scope, validity","SKZ-Zertifikat 001117.E nennt Metak GmbH & Co. KG in Burgwald, alle verbrauchten Energiemengen und Gültigkeit 23.09.2026 bis 22.09.2029. Zertifikatserneuerung ist kein Energieanlagen-Investment.",Complete body inspected for the named passages; scope and period retained.,Codex
S-P78-03,P78,https://www.industriebox.de/2023/04/18/hochwertige-kunststoffteile-von-erlemann-huckenbeck/,2026-10-08T11:53:16+00:00,RETRIEVABLE,200,https://www.industriebox.de/2023/04/18/hochwertige-kunststoffteile-von-erlemann-huckenbeck/,HTML,fa9a1a4b50b97acd46f386ef1aa757fdf347dd44482ae7d1c507c0ad82ad572f,RECHECKED,Unternehmens-Pressemitteilung / Herstellungsverfahren,"Unternehmen beschreibt Duroplast-Pressen mit Werkzeugtemperaturen 130 bis 150 Grad Celsius. Kein aktueller Energieträger, Wärme-Rückgewinnungssystem oder jüngstes Energie-Investment aus dieser Produktmitteilung ableitbar.",Complete body inspected for the named passages; scope and period retained.,Codex
