attempt_id,company_id,score_field,checked_date,checked_by,outcome,reviewed_source_ids,finding,remaining_fact
RF-20261008-P03-fossil_heat_displacement_score,P03,fossil_heat_displacement_score,2026-10-08,Codex,STILL_UNKNOWN,S-P03-05 | S-P03-06,"Owner now confirms CHP/PV but gives no fuel, thermal dispatch window, current energy-management system or dated energy-asset commissioning. Raw-milk tank and2019 university design are not dispatchable thermal storage or current deployed concept.",Current company/site process heat carrier mix and attributable fossil thermal duty. No public evidence is not zero fossil heat.
RF-20261008-P03-power_conversion_score,P03,power_conversion_score,2026-10-08,Codex,STILL_UNKNOWN,S-P03-05 | S-P03-06,"Owner now confirms CHP/PV but gives no fuel, thermal dispatch window, current energy-management system or dated energy-asset commissioning. Raw-milk tank and2019 university design are not dispatchable thermal storage or current deployed concept.","Owned rectifier/inverter/controlled-electric-heat applications, scope and duty; mechanical water power not electricity generation."
RF-20261008-P03-thermal_storage_flex_score,P03,thermal_storage_flex_score,2026-10-08,Codex,STILL_UNKNOWN,S-P03-05 | S-P03-06,"Owner now confirms CHP/PV but gives no fuel, thermal dispatch window, current energy-management system or dated energy-asset commissioning. Raw-milk tank and2019 university design are not dispatchable thermal storage or current deployed concept.","Actual useful heat/cold buffer capacity, temperature, connection and timing freedom; thermal mass, room heat and electrical batteries not sufficient."
RF-20261008-P03-power_quality_score,P03,power_quality_score,2026-10-08,Codex,STILL_UNKNOWN,S-P03-05 | S-P03-06,"Owner now confirms CHP/PV but gives no fuel, thermal dispatch window, current energy-management system or dated energy-asset commissioning. Raw-milk tank and2019 university design are not dispatchable thermal storage or current deployed concept.",Owned relevant converter/peak topology or measured harmonic/reactive/voltage findings; product resistance/current amps not measured power-quality evidence.
RF-20261008-P03-onsite_integration_score,P03,onsite_integration_score,2026-10-08,Codex,NEW_EVIDENCE,S-P03-05,"The owner describes the completed Usseln factory with own CHP and PV. This establishes an onsite generation integration use case; battery, dispatch controller, capacity and commissioning dates remain unknown.",
RF-20261008-P03-measures_gap_score,P03,measures_gap_score,2026-10-08,Codex,NEW_EVIDENCE,S-P03-05,"The completed-site owner account names implemented CHP and PV, supporting several observed energy measures. The 2019 university scenario is not used as deployment evidence and no savings or remaining commercial gap is inferred.",
RF-20261008-P03-management_gap_score,P03,management_gap_score,2026-10-08,Codex,STILL_UNKNOWN,S-P03-05 | S-P03-06,"Owner now confirms CHP/PV but gives no fuel, thermal dispatch window, current energy-management system or dated energy-asset commissioning. Raw-milk tank and2019 university design are not dispatchable thermal storage or current deployed concept.",Current direct ISO 50001/14001/EMAS or operational energy-management evidence for exact holder; quality-only and absent public certificate not no-management conclusion.
RF-20261008-P03-targets_gap_score,P03,targets_gap_score,2026-10-08,Codex,STILL_UNKNOWN,S-P03-05 | S-P03-06,"Owner now confirms CHP/PV but gives no fuel, thermal dispatch window, current energy-management system or dated energy-asset commissioning. Raw-milk tank and2019 university design are not dispatchable thermal storage or current deployed concept.","Owned energy/climate target, date, scope and roadmap, or documented sufficient defined search. General quality/resource sustainability not energy target."
RF-20261008-P03-investment_gap_score,P03,investment_gap_score,2026-10-08,Codex,STILL_UNKNOWN,S-P03-05 | S-P03-06,"Owner now confirms CHP/PV but gives no fuel, thermal dispatch window, current energy-management system or dated energy-asset commissioning. Raw-milk tank and2019 university design are not dispatchable thermal storage or current deployed concept.","Completed owned energy investments with commissioning dates in 2021-10-07 to 2026-10-07. Operation/report/filename dates, generic annual CAPEX and other group companies not sufficient."
RF-20261008-P10-temperature_fit_score,P10,temperature_fit_score,2026-10-08,Codex,STILL_UNKNOWN,S-P10-10,"Owner news archive was inspected. No new owned thermal carrier, onsite generation, current system maturity or energy-project commissioning proof found. Historical LEEN participation/2019 drives are not updated into current energy deployment; upstream SME gate remains open.",Documentary first pass only: upstream group eligibility remains OPEN_GATE; no canonical scoring or human approval. Owned process operating temperatures and actual heat/cold duties; separate product ratings and room heating.
RF-20261008-P10-process_electrification_score,P10,process_electrification_score,2026-10-08,Codex,STILL_UNKNOWN,S-P10-10,"Owner news archive was inspected. No new owned thermal carrier, onsite generation, current system maturity or energy-project commissioning proof found. Historical LEEN participation/2019 drives are not updated into current energy deployment; upstream SME gate remains open.","Documentary first pass only: upstream group eligibility remains OPEN_GATE; no canonical scoring or human approval. Named owned thermal route, current heat carrier and feasible remaining substitution case; separate electric drives and room heat."
RF-20261008-P10-fossil_heat_displacement_score,P10,fossil_heat_displacement_score,2026-10-08,Codex,STILL_UNKNOWN,S-P10-10,"Owner news archive was inspected. No new owned thermal carrier, onsite generation, current system maturity or energy-project commissioning proof found. Historical LEEN participation/2019 drives are not updated into current energy deployment; upstream SME gate remains open.",Documentary first pass only: upstream group eligibility remains OPEN_GATE; no canonical scoring or human approval. Current company/site process heat carrier mix and attributable fossil thermal duty. No public evidence is not zero fossil heat.
RF-20261008-P10-scheduling_flex_score,P10,scheduling_flex_score,2026-10-08,Codex,STILL_UNKNOWN,S-P10-10,"Owner news archive was inspected. No new owned thermal carrier, onsite generation, current system maturity or energy-project commissioning proof found. Historical LEEN participation/2019 drives are not updated into current energy deployment; upstream SME gate remains open.","Documentary first pass only: upstream group eligibility remains OPEN_GATE; no canonical scoring or human approval. Permitted timing shifts, quality/cooling/order constraints and spare capacity. Batch/24h operation alone not flexibility permission."
RF-20261008-P10-thermal_storage_flex_score,P10,thermal_storage_flex_score,2026-10-08,Codex,STILL_UNKNOWN,S-P10-10,"Owner news archive was inspected. No new owned thermal carrier, onsite generation, current system maturity or energy-project commissioning proof found. Historical LEEN participation/2019 drives are not updated into current energy deployment; upstream SME gate remains open.","Documentary first pass only: upstream group eligibility remains OPEN_GATE; no canonical scoring or human approval. Actual useful heat/cold buffer capacity, temperature, connection and timing freedom; thermal mass, room heat and electrical batteries not sufficient."
RF-20261008-P10-incremental_load_score,P10,incremental_load_score,2026-10-08,Codex,STILL_UNKNOWN,S-P10-10,"Owner news archive was inspected. No new owned thermal carrier, onsite generation, current system maturity or energy-project commissioning proof found. Historical LEEN participation/2019 drives are not updated into current energy deployment; upstream SME gate remains open.",Documentary first pass only: upstream group eligibility remains OPEN_GATE; no canonical scoring or human approval. Owned feasible thermal substitution case and baseline remaining thermal duty; no grid capacity or kW inferred.
RF-20261008-P10-power_quality_score,P10,power_quality_score,2026-10-08,Codex,STILL_UNKNOWN,S-P10-10,"Owner news archive was inspected. No new owned thermal carrier, onsite generation, current system maturity or energy-project commissioning proof found. Historical LEEN participation/2019 drives are not updated into current energy deployment; upstream SME gate remains open.",Documentary first pass only: upstream group eligibility remains OPEN_GATE; no canonical scoring or human approval. Owned relevant converter/peak topology or measured harmonic/reactive/voltage findings; product resistance/current amps not measured power-quality evidence.
RF-20261008-P10-onsite_integration_score,P10,onsite_integration_score,2026-10-08,Codex,STILL_UNKNOWN,S-P10-10,"Owner news archive was inspected. No new owned thermal carrier, onsite generation, current system maturity or energy-project commissioning proof found. Historical LEEN participation/2019 drives are not updated into current energy deployment; upstream SME gate remains open.","Documentary first pass only: upstream group eligibility remains OPEN_GATE; no canonical scoring or human approval. Owned electricity generation/storage/load-management topology; mechanical hydropower, purchased renewables or group assets not inherited."
RF-20261008-P10-measures_gap_score,P10,measures_gap_score,2026-10-08,Codex,STILL_UNKNOWN,S-P10-10,"Owner news archive was inspected. No new owned thermal carrier, onsite generation, current system maturity or energy-project commissioning proof found. Historical LEEN participation/2019 drives are not updated into current energy deployment; upstream SME gate remains open.",Documentary first pass only: upstream group eligibility remains OPEN_GATE; no canonical scoring or human approval. Named current implemented energy measures with exact entity/site/technology scope. Generic efficient/green production and resource recycling not adequate negative-search proof.
RF-20261008-P10-management_gap_score,P10,management_gap_score,2026-10-08,Codex,STILL_UNKNOWN,S-P10-10,"Owner news archive was inspected. No new owned thermal carrier, onsite generation, current system maturity or energy-project commissioning proof found. Historical LEEN participation/2019 drives are not updated into current energy deployment; upstream SME gate remains open.",Documentary first pass only: upstream group eligibility remains OPEN_GATE; no canonical scoring or human approval. Current direct ISO 50001/14001/EMAS or operational energy-management evidence for exact holder; quality-only and absent public certificate not no-management conclusion.
RF-20261008-P10-investment_gap_score,P10,investment_gap_score,2026-10-08,Codex,STILL_UNKNOWN,S-P10-10,"Owner news archive was inspected. No new owned thermal carrier, onsite generation, current system maturity or energy-project commissioning proof found. Historical LEEN participation/2019 drives are not updated into current energy deployment; upstream SME gate remains open.","Documentary first pass only: upstream group eligibility remains OPEN_GATE; no canonical scoring or human approval. Completed owned energy investments with commissioning dates in 2021-10-07 to 2026-10-07. Operation/report/filename dates, generic annual CAPEX and other group companies not sufficient."
RF-20261008-P16-process_electrification_score,P16,process_electrification_score,2026-10-08,Codex,STILL_UNKNOWN,S-P16-06,"Current own brochure distinguishes production assets from customer energy products. No furnace fuel, process-electric route, converter inventory, useful thermal store, onsite generation or commissioning dates stated.",Current furnace technology and firm-specific electric-heating/electrification route for debinding and sintering
RF-20261008-P16-fossil_heat_displacement_score,P16,fossil_heat_displacement_score,2026-10-08,Codex,STILL_UNKNOWN,S-P16-06,"Current own brochure distinguishes production assets from customer energy products. No furnace fuel, process-electric route, converter inventory, useful thermal store, onsite generation or commissioning dates stated.","Current energy carrier(s) for debinding, sintering and high-temperature/chamber furnaces"
RF-20261008-P16-motor_drive_score,P16,motor_drive_score,2026-10-08,Codex,NEW_EVIDENCE,S-P16-06,Brochure page28 attributes CNC milling to Sembach own manufacturing. This supports a limited electrically driven machining case; no plant-wide motor inventory or intensive drive duty is established. Customer wind-energy and appliance applications are excluded.,
RF-20261008-P16-power_conversion_score,P16,power_conversion_score,2026-10-08,Codex,STILL_UNKNOWN,S-P16-06,"Current own brochure distinguishes production assets from customer energy products. No furnace fuel, process-electric route, converter inventory, useful thermal store, onsite generation or commissioning dates stated.",Furnace electrical topology and any converter/rectifier/controlled-electric-heat applications
RF-20261008-P16-automation_control_score,P16,automation_control_score,2026-10-08,Codex,NEW_EVIDENCE,S-P16-06,Brochure pages28 and39 document own CNC manufacturing connected to CAD inputs and continuous SPC/MSA process monitoring. This supports clear process-control relevance without inventing a coordinated site-wide energy controller.,
RF-20261008-P16-thermal_storage_flex_score,P16,thermal_storage_flex_score,2026-10-08,Codex,STILL_UNKNOWN,S-P16-06,"Current own brochure distinguishes production assets from customer energy products. No furnace fuel, process-electric route, converter inventory, useful thermal store, onsite generation or commissioning dates stated.",Company-specific thermal buffer/storage or evidence-backed usable thermal inertia
RF-20261008-P16-incremental_load_score,P16,incremental_load_score,2026-10-08,Codex,STILL_UNKNOWN,S-P16-06,"Current own brochure distinguishes production assets from customer energy products. No furnace fuel, process-electric route, converter inventory, useful thermal store, onsite generation or commissioning dates stated.",Current furnace energy carrier and defined electrification pathway sufficient for ordinal incremental-load coding
RF-20261008-P16-power_quality_score,P16,power_quality_score,2026-10-08,Codex,STILL_UNKNOWN,S-P16-06,"Current own brochure distinguishes production assets from customer energy products. No furnace fuel, process-electric route, converter inventory, useful thermal store, onsite generation or commissioning dates stated.","Firm-specific power-quality, converter-topology or electrical peak-load evidence"
RF-20261008-P16-onsite_integration_score,P16,onsite_integration_score,2026-10-08,Codex,STILL_UNKNOWN,S-P16-06,"Current own brochure distinguishes production assets from customer energy products. No furnace fuel, process-electric route, converter inventory, useful thermal store, onsite generation or commissioning dates stated.","Onsite generation, battery, microgrid or coordinated load-management evidence"
RF-20261008-P16-measures_gap_score,P16,measures_gap_score,2026-10-08,Codex,NEW_EVIDENCE,S-P16-06,"Brochure page42 explicitly attributes furnace heat recovery for production-building heating to Sembach. One concrete energy-efficiency measure is observed; the fuel, installation date and dispatchable storage remain unknown.",
RF-20261008-P16-investment_gap_score,P16,investment_gap_score,2026-10-08,Codex,STILL_UNKNOWN,S-P16-06,"Current own brochure distinguishes production assets from customer energy products. No furnace fuel, process-electric route, converter inventory, useful thermal store, onsite generation or commissioning dates stated.",Recent energy-transition investments or a defined negative investment search over the methodology lookback period
RF-20261008-P24-temperature_fit_score,P24,temperature_fit_score,2026-10-08,Codex,STILL_UNKNOWN,S-P24-04 | S-P24-05 | S-P24-06,"Electric drives and room heat recovery do not establish process temperatures, thermal electrification, useful storage or admissible shift windows. New PV remains announced. Conflicting52/55/56 fleet totals are not reconciled into a current count.",Firm-specific moulding/process temperatures and heating technology sufficient to establish electrification temperature fit
RF-20261008-P24-process_electrification_score,P24,process_electrification_score,2026-10-08,Codex,STILL_UNKNOWN,S-P24-04 | S-P24-05 | S-P24-06,"Electric drives and room heat recovery do not establish process temperatures, thermal electrification, useful storage or admissible shift windows. New PV remains announced. Conflicting52/55/56 fleet totals are not reconciled into a current count.",Firm-specific electric process-heat or electrification use case and machine technology
RF-20261008-P24-fossil_heat_displacement_score,P24,fossil_heat_displacement_score,2026-10-08,Codex,STILL_UNKNOWN,S-P24-04 | S-P24-05 | S-P24-06,"Electric drives and room heat recovery do not establish process temperatures, thermal electrification, useful storage or admissible shift windows. New PV remains announced. Conflicting52/55/56 fleet totals are not reconciled into a current count.","Current process-heat energy carrier and material fossil thermal service, if any"
RF-20261008-P24-motor_drive_score,P24,motor_drive_score,2026-10-08,Codex,NEW_EVIDENCE,S-P24-04,Owner sustainability page attributes fully electric injection machines to its production fleet. This supports material electrical-drive relevance without deriving motor kW or temperatures from clamping force or conflicting machine counts.,
RF-20261008-P24-power_conversion_score,P24,power_conversion_score,2026-10-08,Codex,NEW_EVIDENCE,S-P24-04,"Documented fully electric injection drives support one material motor-drive power-conversion use case as an engineering inference. Exact converters, servo models and harmonics remain unknown; this does not establish electric process heating.",
RF-20261008-P24-automation_control_score,P24,automation_control_score,2026-10-08,Codex,NEW_EVIDENCE,S-P24-04 | S-P24-06,"Owner attributes automated injection production to Engelskirchen and describes continuous electricity monitoring through meters on manufacturing machines. This supports clear monitoring/control relevance, without treating metering as closed-loop demand response.",
RF-20261008-P24-scheduling_flex_score,P24,scheduling_flex_score,2026-10-08,Codex,STILL_UNKNOWN,S-P24-04 | S-P24-05 | S-P24-06,"Electric drives and room heat recovery do not establish process temperatures, thermal electrification, useful storage or admissible shift windows. New PV remains announced. Conflicting52/55/56 fleet totals are not reconciled into a current count.","Operating schedule, shift pattern and evidence of schedulable or bufferable production"
RF-20261008-P24-thermal_storage_flex_score,P24,thermal_storage_flex_score,2026-10-08,Codex,STILL_UNKNOWN,S-P24-04 | S-P24-05 | S-P24-06,"Electric drives and room heat recovery do not establish process temperatures, thermal electrification, useful storage or admissible shift windows. New PV remains announced. Conflicting52/55/56 fleet totals are not reconciled into a current count.","Company-specific thermal/cold storage, process buffer or evidence-backed usable thermal inertia"
RF-20261008-P24-incremental_load_score,P24,incremental_load_score,2026-10-08,Codex,STILL_UNKNOWN,S-P24-04 | S-P24-05 | S-P24-06,"Electric drives and room heat recovery do not establish process temperatures, thermal electrification, useful storage or admissible shift windows. New PV remains announced. Conflicting52/55/56 fleet totals are not reconciled into a current count.",Defined firm-specific electrification pathway sufficient for ordinal incremental-load relevance
RF-20261008-P24-power_quality_score,P24,power_quality_score,2026-10-08,Codex,NEW_EVIDENCE,S-P24-04,"Documented own electric injection drives and rooftop PV support possible nonlinear-load/grid-interface relevance. No measured harmonics, reactive power, voltage problem, network headroom or installed compensation is claimed.",
RF-20261008-P24-onsite_integration_score,P24,onsite_integration_score,2026-10-08,Codex,NEW_EVIDENCE,S-P24-04,Own operating rooftop PV is reported above420kWp and supplies part of production electricity. This supports one clear onsite use case. The planned1.6MWp total and future self-consumption share are not promoted to current operation.,
RF-20261008-P24-measures_gap_score,P24,measures_gap_score,2026-10-08,Codex,NEW_EVIDENCE,S-P24-04,"Owner names operating rooftop PV, production-heat recovery, electric injection machines and energy monitoring. These constitute several observed measures; no thermal storage, all-electric heat supply or remaining fossil-duty value is inferred.",
RF-20261008-P24-investment_gap_score,P24,investment_gap_score,2026-10-08,Codex,NEW_EVIDENCE,S-P24-05,"Owner announces PV expansion with Q42025 commissioning planned, but accessible page still gives no commissioning confirmation on2026-10-08. Older operating rooftop PV dates to2012 and is outside the fixed2021-10-07 to2026-10-07 lookback; machine delivery is not a completed energy project.",
RF-20261008-P72-temperature_fit_score,P72,temperature_fit_score,2026-10-08,Codex,STILL_UNKNOWN,S-P72-04 | S-P72-05 | S-P72-06 | S-P72-07,"Beer refrigeration and long maturation are not dispatchable cold storage. No temperatures, current thermal fuel, safe interruption window or management maturity found. PV area is not capacity; lauter construction is not final commissioning.",Owned process operating temperatures and actual heat/cold duties; separate product ratings and room heating.
RF-20261008-P72-process_electrification_score,P72,process_electrification_score,2026-10-08,Codex,STILL_UNKNOWN,S-P72-04 | S-P72-05 | S-P72-06 | S-P72-07,"Beer refrigeration and long maturation are not dispatchable cold storage. No temperatures, current thermal fuel, safe interruption window or management maturity found. PV area is not capacity; lauter construction is not final commissioning.","Named owned thermal route, current heat carrier and feasible remaining substitution case; separate electric drives and room heat."
RF-20261008-P72-fossil_heat_displacement_score,P72,fossil_heat_displacement_score,2026-10-08,Codex,STILL_UNKNOWN,S-P72-04 | S-P72-05 | S-P72-06 | S-P72-07,"Beer refrigeration and long maturation are not dispatchable cold storage. No temperatures, current thermal fuel, safe interruption window or management maturity found. PV area is not capacity; lauter construction is not final commissioning.",Current company/site process heat carrier mix and attributable fossil thermal duty. No public evidence is not zero fossil heat.
RF-20261008-P72-motor_drive_score,P72,motor_drive_score,2026-10-08,Codex,NEW_EVIDENCE,S-P72-04 | S-P72-05,"Owner beer refrigeration exceeds40percent of its electricity demand; completed robotic palletisation and conveyor handling add named motor-driven applications. This supports material drive relevance, not rated kW or the multiple-intensive-applications anchor.",
RF-20261008-P72-power_conversion_score,P72,power_conversion_score,2026-10-08,Codex,NEW_EVIDENCE,S-P72-04,"Owner reports surplus onsite PV electricity supplying electric forklifts. Electrical charging supplies a limited power-conversion use case as an engineering inference; inverter/charger models, rated powers and machine-converter inventory remain unknown.",
RF-20261008-P72-automation_control_score,P72,automation_control_score,2026-10-08,Codex,NEW_EVIDENCE,S-P72-05,"The completed own palletising system combines two robots, conveyor routing and automatic pallet inspection/rejection. This supports coordinated process-control relevance; no energy dispatch controller is inferred.",
RF-20261008-P72-scheduling_flex_score,P72,scheduling_flex_score,2026-10-08,Codex,STILL_UNKNOWN,S-P72-04 | S-P72-05 | S-P72-06 | S-P72-07,"Beer refrigeration and long maturation are not dispatchable cold storage. No temperatures, current thermal fuel, safe interruption window or management maturity found. PV area is not capacity; lauter construction is not final commissioning.","Permitted timing shifts, quality/cooling/order constraints and spare capacity. Batch/24h operation alone not flexibility permission."
RF-20261008-P72-thermal_storage_flex_score,P72,thermal_storage_flex_score,2026-10-08,Codex,STILL_UNKNOWN,S-P72-04 | S-P72-05 | S-P72-06 | S-P72-07,"Beer refrigeration and long maturation are not dispatchable cold storage. No temperatures, current thermal fuel, safe interruption window or management maturity found. PV area is not capacity; lauter construction is not final commissioning.","Actual useful heat/cold buffer capacity, temperature, connection and timing freedom; thermal mass, room heat and electrical batteries not sufficient."
RF-20261008-P72-incremental_load_score,P72,incremental_load_score,2026-10-08,Codex,STILL_UNKNOWN,S-P72-04 | S-P72-05 | S-P72-06 | S-P72-07,"Beer refrigeration and long maturation are not dispatchable cold storage. No temperatures, current thermal fuel, safe interruption window or management maturity found. PV area is not capacity; lauter construction is not final commissioning.",Owned feasible thermal substitution case and baseline remaining thermal duty; no grid capacity or kW inferred.
RF-20261008-P72-power_quality_score,P72,power_quality_score,2026-10-08,Codex,NEW_EVIDENCE,S-P72-04,"Own PV integration and electric-forklift charging establish possible grid-interface/nonlinear-load relevance. No measured network problem, harmonic severity, compensation or grid capacity is inferred.",
RF-20261008-P72-onsite_integration_score,P72,onsite_integration_score,2026-10-08,Codex,NEW_EVIDENCE,S-P72-04,"The owner describes coordinated use of own PV for brewery refrigeration and surplus electricity for logistics forklifts across departments. This supports coordinated integration fit, without claiming automated dispatch, a microgrid or storage beyond the named forklift use.",
RF-20261008-P72-measures_gap_score,P72,measures_gap_score,2026-10-08,Codex,NEW_EVIDENCE,S-P72-04 | S-P72-06,Operating own-use PV and surplus use form one integrated energy measure. The separately reported lauter-tun insulation improvement remains construction-stage evidence; it is not counted as another completed measure.,
RF-20261008-P72-management_gap_score,P72,management_gap_score,2026-10-08,Codex,STILL_UNKNOWN,S-P72-04 | S-P72-05 | S-P72-06 | S-P72-07,"Beer refrigeration and long maturation are not dispatchable cold storage. No temperatures, current thermal fuel, safe interruption window or management maturity found. PV area is not capacity; lauter construction is not final commissioning.",Current direct ISO 50001/14001/EMAS or operational energy-management evidence for exact holder; quality-only and absent public certificate not no-management conclusion.
RF-20261008-P72-targets_gap_score,P72,targets_gap_score,2026-10-08,Codex,NEW_EVIDENCE,S-P72-04,"The owner states a long-term energy concept, greater energy autonomy and further steps in coming years. No quantified dated energy/climate target plus roadmap is established. Vague ambition is anchor3, not proof of no internal targets.",
RF-20261008-P72-investment_gap_score,P72,investment_gap_score,2026-10-08,Codex,NEW_EVIDENCE,S-P72-04 | S-P72-06,"The2025-03-24 owner report dates completed additional PV installation to the previous week, within the fixed2021-10-07 to2026-10-07 window. PV and its forklift-surplus use count as one project. The November2025 lauter replacement still under construction and automation without energy-savings evidence are not additional completed energy investments.",
RF-20261008-P95-temperature_fit_score,P95,temperature_fit_score,2026-10-08,Codex,STILL_UNKNOWN,S-P95-06,"Supplier corroborates own brewery process equipment. The2017 cooling automation is historical; a2023 publication date is not its commissioning date. No energy savings, useful thermal store, current heat carrier or admissible shift window found; hotel assets remain separate.",Owned process operating temperatures and actual heat/cold duties; separate product ratings and room heating.
RF-20261008-P95-process_electrification_score,P95,process_electrification_score,2026-10-08,Codex,STILL_UNKNOWN,S-P95-06,"Supplier corroborates own brewery process equipment. The2017 cooling automation is historical; a2023 publication date is not its commissioning date. No energy savings, useful thermal store, current heat carrier or admissible shift window found; hotel assets remain separate.","Named owned thermal route, current heat carrier and feasible remaining substitution case; separate electric drives and room heat."
RF-20261008-P95-fossil_heat_displacement_score,P95,fossil_heat_displacement_score,2026-10-08,Codex,STILL_UNKNOWN,S-P95-06,"Supplier corroborates own brewery process equipment. The2017 cooling automation is historical; a2023 publication date is not its commissioning date. No energy savings, useful thermal store, current heat carrier or admissible shift window found; hotel assets remain separate.",Current company/site process heat carrier mix and attributable fossil thermal duty. No public evidence is not zero fossil heat.
RF-20261008-P95-motor_drive_score,P95,motor_drive_score,2026-10-08,Codex,NEW_EVIDENCE,S-P95-06,Supplier-authored case attributes a medium-pressure high-performance exhaust fan and valve/pump equipment to the Lengenfeld brewery cellar. This supports material motor-drive relevance without transferring hotel equipment or inferring electrical power ratings.,
RF-20261008-P95-power_conversion_score,P95,power_conversion_score,2026-10-08,Codex,STILL_UNKNOWN,S-P95-06,"Supplier corroborates own brewery process equipment. The2017 cooling automation is historical; a2023 publication date is not its commissioning date. No energy savings, useful thermal store, current heat carrier or admissible shift window found; hotel assets remain separate.","Owned rectifier/inverter/controlled-electric-heat applications, scope and duty; mechanical water power not electricity generation."
RF-20261008-P95-automation_control_score,P95,automation_control_score,2026-10-08,Codex,NEW_EVIDENCE,S-P95-06,"Supplier attributes automated wort cooling and cellar filling to the brewery and describes routing safeguards through proximity sensors on a central connection panel. This supports strong coordinated process-control relevance. Manual pipe-route selection remains manual, and energy dispatch is not established.",
RF-20261008-P95-thermal_storage_flex_score,P95,thermal_storage_flex_score,2026-10-08,Codex,STILL_UNKNOWN,S-P95-06,"Supplier corroborates own brewery process equipment. The2017 cooling automation is historical; a2023 publication date is not its commissioning date. No energy savings, useful thermal store, current heat carrier or admissible shift window found; hotel assets remain separate.","Actual useful heat/cold buffer capacity, temperature, connection and timing freedom; thermal mass, room heat and electrical batteries not sufficient."
RF-20261008-P95-incremental_load_score,P95,incremental_load_score,2026-10-08,Codex,STILL_UNKNOWN,S-P95-06,"Supplier corroborates own brewery process equipment. The2017 cooling automation is historical; a2023 publication date is not its commissioning date. No energy savings, useful thermal store, current heat carrier or admissible shift window found; hotel assets remain separate.",Owned feasible thermal substitution case and baseline remaining thermal duty; no grid capacity or kW inferred.
RF-20261008-P95-power_quality_score,P95,power_quality_score,2026-10-08,Codex,STILL_UNKNOWN,S-P95-06,"Supplier corroborates own brewery process equipment. The2017 cooling automation is historical; a2023 publication date is not its commissioning date. No energy savings, useful thermal store, current heat carrier or admissible shift window found; hotel assets remain separate.",Owned relevant converter/peak topology or measured harmonic/reactive/voltage findings; product resistance/current amps not measured power-quality evidence.
RF-20261008-P95-onsite_integration_score,P95,onsite_integration_score,2026-10-08,Codex,STILL_UNKNOWN,S-P95-06,"Supplier corroborates own brewery process equipment. The2017 cooling automation is historical; a2023 publication date is not its commissioning date. No energy savings, useful thermal store, current heat carrier or admissible shift window found; hotel assets remain separate.","Owned electricity generation/storage/load-management topology; mechanical hydropower, purchased renewables or group assets not inherited."
RF-20261008-P95-measures_gap_score,P95,measures_gap_score,2026-10-08,Codex,STILL_UNKNOWN,S-P95-06,"Supplier corroborates own brewery process equipment. The2017 cooling automation is historical; a2023 publication date is not its commissioning date. No energy savings, useful thermal store, current heat carrier or admissible shift window found; hotel assets remain separate.",Named current implemented energy measures with exact entity/site/technology scope. Generic efficient/green production and resource recycling not adequate negative-search proof.
RF-20261008-P95-management_gap_score,P95,management_gap_score,2026-10-08,Codex,STILL_UNKNOWN,S-P95-06,"Supplier corroborates own brewery process equipment. The2017 cooling automation is historical; a2023 publication date is not its commissioning date. No energy savings, useful thermal store, current heat carrier or admissible shift window found; hotel assets remain separate.",Current direct ISO 50001/14001/EMAS or operational energy-management evidence for exact holder; quality-only and absent public certificate not no-management conclusion.
RF-20261008-P95-targets_gap_score,P95,targets_gap_score,2026-10-08,Codex,STILL_UNKNOWN,S-P95-06,"Supplier corroborates own brewery process equipment. The2017 cooling automation is historical; a2023 publication date is not its commissioning date. No energy savings, useful thermal store, current heat carrier or admissible shift window found; hotel assets remain separate.","Owned energy/climate target, date, scope and roadmap, or documented sufficient defined search. General quality/resource sustainability not energy target."
RF-20261008-P95-investment_gap_score,P95,investment_gap_score,2026-10-08,Codex,STILL_UNKNOWN,S-P95-06,"Supplier corroborates own brewery process equipment. The2017 cooling automation is historical; a2023 publication date is not its commissioning date. No energy savings, useful thermal store, current heat carrier or admissible shift window found; hotel assets remain separate.","Completed owned energy investments with commissioning dates in 2021-10-07 to 2026-10-07. Operation/report/filename dates, generic annual CAPEX and other group companies not sufficient."
RF-20261008-P99-temperature_fit_score,P99,temperature_fit_score,2026-10-08,Codex,STILL_UNKNOWN,S-P99-03,Own machine inventory was re-read. Arburg model designations and closing forces do not alone establish installed converter topology. Current manufacturer brochure describes newer series without proving the owned legacy machines configuration. No new field closed.,Owned process operating temperatures and actual heat/cold duties; separate product ratings and room heating.
RF-20261008-P99-process_electrification_score,P99,process_electrification_score,2026-10-08,Codex,STILL_UNKNOWN,S-P99-03,Own machine inventory was re-read. Arburg model designations and closing forces do not alone establish installed converter topology. Current manufacturer brochure describes newer series without proving the owned legacy machines configuration. No new field closed.,"Named owned thermal route, current heat carrier and feasible remaining substitution case; separate electric drives and room heat."
RF-20261008-P99-fossil_heat_displacement_score,P99,fossil_heat_displacement_score,2026-10-08,Codex,STILL_UNKNOWN,S-P99-03,Own machine inventory was re-read. Arburg model designations and closing forces do not alone establish installed converter topology. Current manufacturer brochure describes newer series without proving the owned legacy machines configuration. No new field closed.,Current company/site process heat carrier mix and attributable fossil thermal duty. No public evidence is not zero fossil heat.
RF-20261008-P99-power_conversion_score,P99,power_conversion_score,2026-10-08,Codex,STILL_UNKNOWN,S-P99-03,Own machine inventory was re-read. Arburg model designations and closing forces do not alone establish installed converter topology. Current manufacturer brochure describes newer series without proving the owned legacy machines configuration. No new field closed.,"Owned rectifier/inverter/controlled-electric-heat applications, scope and duty; mechanical water power not electricity generation."
RF-20261008-P99-automation_control_score,P99,automation_control_score,2026-10-08,Codex,STILL_UNKNOWN,S-P99-03,Own machine inventory was re-read. Arburg model designations and closing forces do not alone establish installed converter topology. Current manufacturer brochure describes newer series without proving the owned legacy machines configuration. No new field closed.,Owned process control/monitoring inventory and operational coordination; quality claims not EnMS maturity.
RF-20261008-P99-scheduling_flex_score,P99,scheduling_flex_score,2026-10-08,Codex,STILL_UNKNOWN,S-P99-03,Own machine inventory was re-read. Arburg model designations and closing forces do not alone establish installed converter topology. Current manufacturer brochure describes newer series without proving the owned legacy machines configuration. No new field closed.,"Permitted timing shifts, quality/cooling/order constraints and spare capacity. Batch/24h operation alone not flexibility permission."
RF-20261008-P99-thermal_storage_flex_score,P99,thermal_storage_flex_score,2026-10-08,Codex,STILL_UNKNOWN,S-P99-03,Own machine inventory was re-read. Arburg model designations and closing forces do not alone establish installed converter topology. Current manufacturer brochure describes newer series without proving the owned legacy machines configuration. No new field closed.,"Actual useful heat/cold buffer capacity, temperature, connection and timing freedom; thermal mass, room heat and electrical batteries not sufficient."
RF-20261008-P99-incremental_load_score,P99,incremental_load_score,2026-10-08,Codex,STILL_UNKNOWN,S-P99-03,Own machine inventory was re-read. Arburg model designations and closing forces do not alone establish installed converter topology. Current manufacturer brochure describes newer series without proving the owned legacy machines configuration. No new field closed.,Owned feasible thermal substitution case and baseline remaining thermal duty; no grid capacity or kW inferred.
RF-20261008-P99-power_quality_score,P99,power_quality_score,2026-10-08,Codex,STILL_UNKNOWN,S-P99-03,Own machine inventory was re-read. Arburg model designations and closing forces do not alone establish installed converter topology. Current manufacturer brochure describes newer series without proving the owned legacy machines configuration. No new field closed.,Owned relevant converter/peak topology or measured harmonic/reactive/voltage findings; product resistance/current amps not measured power-quality evidence.
RF-20261008-P99-onsite_integration_score,P99,onsite_integration_score,2026-10-08,Codex,STILL_UNKNOWN,S-P99-03,Own machine inventory was re-read. Arburg model designations and closing forces do not alone establish installed converter topology. Current manufacturer brochure describes newer series without proving the owned legacy machines configuration. No new field closed.,"Owned electricity generation/storage/load-management topology; mechanical hydropower, purchased renewables or group assets not inherited."
RF-20261008-P99-measures_gap_score,P99,measures_gap_score,2026-10-08,Codex,STILL_UNKNOWN,S-P99-03,Own machine inventory was re-read. Arburg model designations and closing forces do not alone establish installed converter topology. Current manufacturer brochure describes newer series without proving the owned legacy machines configuration. No new field closed.,Named current implemented energy measures with exact entity/site/technology scope. Generic efficient/green production and resource recycling not adequate negative-search proof.
RF-20261008-P99-management_gap_score,P99,management_gap_score,2026-10-08,Codex,STILL_UNKNOWN,S-P99-03,Own machine inventory was re-read. Arburg model designations and closing forces do not alone establish installed converter topology. Current manufacturer brochure describes newer series without proving the owned legacy machines configuration. No new field closed.,Current direct ISO 50001/14001/EMAS or operational energy-management evidence for exact holder; quality-only and absent public certificate not no-management conclusion.
RF-20261008-P99-targets_gap_score,P99,targets_gap_score,2026-10-08,Codex,STILL_UNKNOWN,S-P99-03,Own machine inventory was re-read. Arburg model designations and closing forces do not alone establish installed converter topology. Current manufacturer brochure describes newer series without proving the owned legacy machines configuration. No new field closed.,"Owned energy/climate target, date, scope and roadmap, or documented sufficient defined search. General quality/resource sustainability not energy target."
RF-20261008-P99-investment_gap_score,P99,investment_gap_score,2026-10-08,Codex,STILL_UNKNOWN,S-P99-03,Own machine inventory was re-read. Arburg model designations and closing forces do not alone establish installed converter topology. Current manufacturer brochure describes newer series without proving the owned legacy machines configuration. No new field closed.,"Completed owned energy investments with commissioning dates in 2021-10-07 to 2026-10-07. Operation/report/filename dates, generic annual CAPEX and other group companies not sufficient."
