attempt_id,company_id,score_field,checked_date,checked_by,outcome,reviewed_source_ids,finding,remaining_fact
DRF-20261008-P04-thermal_storage_flex_score,P04,thermal_storage_flex_score,2026-10-08,Codex,STILL_UNKNOWN,S-P04-06,Brauerei und Mälzerei mit dokumentierter gasbasierter Wärmeerzeugung. PV 2023 und Energiecontrolling dokumentiert; neues Wärmenetz/Wärmepumpen/Speicher als Planung behandeln.,"Central refrigeration and cooled beer storage do not establish an available thermal buffer for shifting electrical demand. Need a named usable heat/cold store, operating window and quality constraints. Continuation2026-10-08: New network/heat-pump storage statements describe planning; a planned105degreesCnetwork buffer is not confirmed operating thermal storage. Vertiefung 2026-10-08: Aktuellen Inbetriebnahmenachweis für Wärmeprojekt und Speicher mit nutzbarem Temperatur-/Ladefenster beschaffen."
DRF-20261008-P12-thermal_storage_flex_score,P12,thermal_storage_flex_score,2026-10-08,Codex,STILL_UNKNOWN,S-P12-03,Oberflächenbehandlung mit Flüssiggas; elektrische Reserve/Batterieplanung ist kein thermischer Speicher. Druckluftoptimierung dokumentiert. Vorliegende EMAS-Urkunde abgelaufen; neuer Nachweis weiterhin zu prüfen.,"Company-specific thermal buffer, thermal store or evidence-backed usable thermal inertia for process-load shifting Continuation2026-10-08: Published storage planning concerns electricity; no useful thermal buffer established. Existing certificate expiry and LPG assessment remain unchanged. Vertiefung 2026-10-08: Aktuelle Wärmeversorgung und nutzbare Heiß-/Kaltwasserpuffer mit Betriebsfenstern klären; EMAS-Nachfolge prüfen."
DRF-20261008-P05-thermal_storage_flex_score,P05,thermal_storage_flex_score,2026-10-08,Codex,STILL_UNKNOWN,S-P05-04,"Brauen, Dampferzeugung und Kälte; Erdgas/Heizöl im Kessel, Biogas aus Abwasser seit 2023. Druckluft-Wärmerückgewinnung, PV und Biogas-BHKW/Absorptionskälte belegt.",Cooled lager tanks and absorption refrigeration do not by themselves establish dispatchable thermal storage. Need a named useful heat/cold buffer and admissible charging/discharging window. Continuation2026-10-08: EMAS programme contains future2027heat-water projects; no current usable thermal store established. Future heat recovery is not present dispatchability. Vertiefung 2026-10-08: Betriebsnachweis der geplanten elektrischen Dampf-/Wärmeroute und konkreten thermischen Puffer prüfen.
DRF-20261008-P18-process_electrification_score,P18,process_electrification_score,2026-10-08,Codex,STILL_UNKNOWN,S-P18-05 | S-P18-06,Glasherstellung: 1.450 °C und 14 Stunden Schmelzen; Gaswärme nicht durch elektrische Antriebe als elektrifiziert einstufen. Laufende Ofenantriebe und Steuerungen sind jetzt direkt belegt; zwei Feldvorschläge neu prüfbar.,"Firm-specific glass-melting/reheating electrification route or documented electric furnace concept Continuation2026-10-08: Own glassmaking context is separated from Glasfabrik Lamberts. No new converter, useful thermal store, owned PV or safe dispatch evidence located. Vertiefung 2026-10-08: Elektrische Zusatzheizung/Schmelzroute, Netzanschluss sowie Schmelz-/Kühlfahrplan und aktuelle Investitionsabschlüsse prüfen."
DRF-20261008-P18-motor_drive_score,P18,motor_drive_score,2026-10-08,Codex,NEW_EVIDENCE,S-P18-05 | S-P18-06,Glasherstellung: 1.450 °C und 14 Stunden Schmelzen; Gaswärme nicht durch elektrische Antriebe als elektrifiziert einstufen. Laufende Ofenantriebe und Steuerungen sind jetzt direkt belegt; zwei Feldvorschläge neu prüfbar.,
DRF-20261008-P18-power_conversion_score,P18,power_conversion_score,2026-10-08,Codex,STILL_UNKNOWN,S-P18-05 | S-P18-06,Glasherstellung: 1.450 °C und 14 Stunden Schmelzen; Gaswärme nicht durch elektrische Antriebe als elektrifiziert einstufen. Laufende Ofenantriebe und Steuerungen sind jetzt direkt belegt; zwei Feldvorschläge neu prüfbar.,"Any firm-specific converter/rectifier/electric-furnace or controlled-electric-heat application Continuation2026-10-08: Own glassmaking context is separated from Glasfabrik Lamberts. No new converter, useful thermal store, owned PV or safe dispatch evidence located. Vertiefung 2026-10-08: Elektrische Zusatzheizung/Schmelzroute, Netzanschluss sowie Schmelz-/Kühlfahrplan und aktuelle Investitionsabschlüsse prüfen."
DRF-20261008-P18-automation_control_score,P18,automation_control_score,2026-10-08,Codex,NEW_EVIDENCE,S-P18-05 | S-P18-06,Glasherstellung: 1.450 °C und 14 Stunden Schmelzen; Gaswärme nicht durch elektrische Antriebe als elektrifiziert einstufen. Laufende Ofenantriebe und Steuerungen sind jetzt direkt belegt; zwei Feldvorschläge neu prüfbar.,
DRF-20261008-P18-thermal_storage_flex_score,P18,thermal_storage_flex_score,2026-10-08,Codex,STILL_UNKNOWN,S-P18-05 | S-P18-06,Glasherstellung: 1.450 °C und 14 Stunden Schmelzen; Gaswärme nicht durch elektrische Antriebe als elektrifiziert einstufen. Laufende Ofenantriebe und Steuerungen sind jetzt direkt belegt; zwei Feldvorschläge neu prüfbar.,"Company-specific thermal buffer/storage or evidence-backed usable thermal inertia Continuation2026-10-08: Own glassmaking context is separated from Glasfabrik Lamberts. No new converter, useful thermal store, owned PV or safe dispatch evidence located. Vertiefung 2026-10-08: Elektrische Zusatzheizung/Schmelzroute, Netzanschluss sowie Schmelz-/Kühlfahrplan und aktuelle Investitionsabschlüsse prüfen."
DRF-20261008-P18-power_quality_score,P18,power_quality_score,2026-10-08,Codex,STILL_UNKNOWN,S-P18-05 | S-P18-06,Glasherstellung: 1.450 °C und 14 Stunden Schmelzen; Gaswärme nicht durch elektrische Antriebe als elektrifiziert einstufen. Laufende Ofenantriebe und Steuerungen sind jetzt direkt belegt; zwei Feldvorschläge neu prüfbar.,"Firm-specific power-quality, converter-load or electrical peak evidence Continuation2026-10-08: Own glassmaking context is separated from Glasfabrik Lamberts. No new converter, useful thermal store, owned PV or safe dispatch evidence located. Vertiefung 2026-10-08: Elektrische Zusatzheizung/Schmelzroute, Netzanschluss sowie Schmelz-/Kühlfahrplan und aktuelle Investitionsabschlüsse prüfen."
DRF-20261008-P18-onsite_integration_score,P18,onsite_integration_score,2026-10-08,Codex,STILL_UNKNOWN,S-P18-05 | S-P18-06,Glasherstellung: 1.450 °C und 14 Stunden Schmelzen; Gaswärme nicht durch elektrische Antriebe als elektrifiziert einstufen. Laufende Ofenantriebe und Steuerungen sind jetzt direkt belegt; zwei Feldvorschläge neu prüfbar.,"Onsite generation, battery, microgrid or coordinated load-management evidence Continuation2026-10-08: Own glassmaking context is separated from Glasfabrik Lamberts. No new converter, useful thermal store, owned PV or safe dispatch evidence located. Vertiefung 2026-10-08: Elektrische Zusatzheizung/Schmelzroute, Netzanschluss sowie Schmelz-/Kühlfahrplan und aktuelle Investitionsabschlüsse prüfen."
DRF-20261008-P18-investment_gap_score,P18,investment_gap_score,2026-10-08,Codex,STILL_UNKNOWN,S-P18-05 | S-P18-06,Glasherstellung: 1.450 °C und 14 Stunden Schmelzen; Gaswärme nicht durch elektrische Antriebe als elektrifiziert einstufen. Laufende Ofenantriebe und Steuerungen sind jetzt direkt belegt; zwei Feldvorschläge neu prüfbar.,"Recent energy-transition investments or a defined negative investment search over the lookback period Continuation2026-10-08: Own glassmaking context is separated from Glasfabrik Lamberts. No new converter, useful thermal store, owned PV or safe dispatch evidence located. Vertiefung 2026-10-08: Elektrische Zusatzheizung/Schmelzroute, Netzanschluss sowie Schmelz-/Kühlfahrplan und aktuelle Investitionsabschlüsse prüfen."
DRF-20261008-P25-temperature_fit_score,P25,temperature_fit_score,2026-10-08,Codex,STILL_UNKNOWN,S-P25-05,Kunststoffspritzguss; tatsächliche Werkzeugtemperaturen und verbleibende fossile Wärme fehlen. Eigene PV und Abwärmenutzung belegt; Batterie-Inbetriebnahme und datierte Energieinvestitionen offen.,"Actual barrel/mould/utility process temperatures and validated electric-heat fit. Machine closing force in tonnes is not temperature or electrical power. Continuation2026-10-08: Own PV/heat recovery remain documented. Generic biogas stories and customer outboard-motor applications are excluded from owned thermal fuel and equipment. Vertiefung 2026-10-08: Batteriebetrieb, Kapazität, Inbetriebnahmedatum und Einbindung in eigene Produktionslast prüfen."
DRF-20261008-P25-process_electrification_score,P25,process_electrification_score,2026-10-08,Codex,STILL_UNKNOWN,S-P25-05,Kunststoffspritzguss; tatsächliche Werkzeugtemperaturen und verbleibende fossile Wärme fehlen. Eigene PV und Abwärmenutzung belegt; Batterie-Inbetriebnahme und datierte Energieinvestitionen offen.,"Firm-specific current thermal energy carrier and defined conversion route; injection moulding, PV and a bioenergy vision do not establish electric process heat. Continuation2026-10-08: Own PV/heat recovery remain documented. Generic biogas stories and customer outboard-motor applications are excluded from owned thermal fuel and equipment. Vertiefung 2026-10-08: Batteriebetrieb, Kapazität, Inbetriebnahmedatum und Einbindung in eigene Produktionslast prüfen."
DRF-20261008-P25-fossil_heat_displacement_score,P25,fossil_heat_displacement_score,2026-10-08,Codex,STILL_UNKNOWN,S-P25-05,Kunststoffspritzguss; tatsächliche Werkzeugtemperaturen und verbleibende fossile Wärme fehlen. Eigene PV und Abwärmenutzung belegt; Batterie-Inbetriebnahme und datierte Energieinvestitionen offen.,"Actual remaining fossil process heat and material displacement opportunity; renewable electricity and biobased feedstock do not establish the site fuel mix. Continuation2026-10-08: Own PV/heat recovery remain documented. Generic biogas stories and customer outboard-motor applications are excluded from owned thermal fuel and equipment. Vertiefung 2026-10-08: Batteriebetrieb, Kapazität, Inbetriebnahmedatum und Einbindung in eigene Produktionslast prüfen."
DRF-20261008-P25-scheduling_flex_score,P25,scheduling_flex_score,2026-10-08,Codex,STILL_UNKNOWN,S-P25-05,Kunststoffspritzguss; tatsächliche Werkzeugtemperaturen und verbleibende fossile Wärme fehlen. Eigene PV und Abwärmenutzung belegt; Batterie-Inbetriebnahme und datierte Energieinvestitionen offen.,"Actual operating pattern, admissible interruption/start windows and production buffer; small/large series alone do not establish shiftable energy demand. Continuation2026-10-08: Own PV/heat recovery remain documented. Generic biogas stories and customer outboard-motor applications are excluded from owned thermal fuel and equipment. Vertiefung 2026-10-08: Batteriebetrieb, Kapazität, Inbetriebnahmedatum und Einbindung in eigene Produktionslast prüfen."
DRF-20261008-P25-thermal_storage_flex_score,P25,thermal_storage_flex_score,2026-10-08,Codex,STILL_UNKNOWN,S-P25-05,Kunststoffspritzguss; tatsächliche Werkzeugtemperaturen und verbleibende fossile Wärme fehlen. Eigene PV und Abwärmenutzung belegt; Batterie-Inbetriebnahme und datierte Energieinvestitionen offen.,"Thermal store, cold/heat buffer or usable validated thermal inertia; waste-heat utilisation alone is not storage. Continuation2026-10-08: Own PV/heat recovery remain documented. Generic biogas stories and customer outboard-motor applications are excluded from owned thermal fuel and equipment. Vertiefung 2026-10-08: Batteriebetrieb, Kapazität, Inbetriebnahmedatum und Einbindung in eigene Produktionslast prüfen."
DRF-20261008-P25-incremental_load_score,P25,incremental_load_score,2026-10-08,Codex,STILL_UNKNOWN,S-P25-05,Kunststoffspritzguss; tatsächliche Werkzeugtemperaturen und verbleibende fossile Wärme fehlen. Eigene PV und Abwärmenutzung belegt; Batterie-Inbetriebnahme und datierte Energieinvestitionen offen.,"Defined additional thermal electrification route and new-load materiality; existing PV and machines do not establish incremental load. Continuation2026-10-08: Own PV/heat recovery remain documented. Generic biogas stories and customer outboard-motor applications are excluded from owned thermal fuel and equipment. Vertiefung 2026-10-08: Batteriebetrieb, Kapazität, Inbetriebnahmedatum und Einbindung in eigene Produktionslast prüfen."
DRF-20261008-P25-investment_gap_score,P25,investment_gap_score,2026-10-08,Codex,STILL_UNKNOWN,S-P25-05,Kunststoffspritzguss; tatsächliche Werkzeugtemperaturen und verbleibende fossile Wärme fehlen. Eigene PV und Abwärmenutzung belegt; Batterie-Inbetriebnahme und datierte Energieinvestitionen offen.,"Commissioning/investment dates for energy measures within 2021-10-07 to 2026-10-07. Undated PV/waste-heat claims and a certificate renewal are not a dated recent transition investment. Continuation2026-10-08: Own PV/heat recovery remain documented. Generic biogas stories and customer outboard-motor applications are excluded from owned thermal fuel and equipment. Vertiefung 2026-10-08: Batteriebetrieb, Kapazität, Inbetriebnahmedatum und Einbindung in eigene Produktionslast prüfen."
DRF-20261008-P29-temperature_fit_score,P29,temperature_fit_score,2026-10-08,Codex,STILL_UNKNOWN,S-P29-03,"Erdgas-Dampf/BHKW und Ammoniakkälte. Bericht mischt aktuelle und ältere Betriebsbeschreibungen. Wärmerückgewinnung, Reifekeller Juli 2022 und weitere Maßnahmen sind dokumentiert; Reparatur des Brüdenverdichters offen.","Actual process-heat temperatures and validated electric-heat fit; 0-deg-C maturation and cold-system ratings do not establish brewing/steam temperature. Continuation2026-10-08: Fresh2026report retrieval timed out in this continuation. Previously inspected report provenance is retained; no new heat-temperature, permissible shift or thermal-store evidence is inferred. Vertiefung 2026-10-08: Aktuellen Brüdenverdichterbetrieb und konkrete thermische Speicher mit Lade-/Entladefenstern prüfen."
DRF-20261008-P29-process_electrification_score,P29,process_electrification_score,2026-10-08,Codex,STILL_UNKNOWN,S-P29-03,"Erdgas-Dampf/BHKW und Ammoniakkälte. Bericht mischt aktuelle und ältere Betriebsbeschreibungen. Wärmerückgewinnung, Reifekeller Juli 2022 und weitere Maßnahmen sind dokumentiert; Reparatur des Brüdenverdichters offen.","Currently operating defined thermal electrification route. Legacy vapour compressor is reported defective and replaced by gas steam; current repair/continuity is unverified. Completed ammonia replacement is refrigeration, not proof of process-heat electrification. Continuation2026-10-08: Fresh2026report retrieval timed out in this continuation. Previously inspected report provenance is retained; no new heat-temperature, permissible shift or thermal-store evidence is inferred. Vertiefung 2026-10-08: Aktuellen Brüdenverdichterbetrieb und konkrete thermische Speicher mit Lade-/Entladefenstern prüfen."
DRF-20261008-P29-thermal_storage_flex_score,P29,thermal_storage_flex_score,2026-10-08,Codex,STILL_UNKNOWN,S-P29-03,"Erdgas-Dampf/BHKW und Ammoniakkälte. Bericht mischt aktuelle und ältere Betriebsbeschreibungen. Wärmerückgewinnung, Reifekeller Juli 2022 und weitere Maßnahmen sind dokumentiert; Reparatur des Brüdenverdichters offen.","Actual dispatchable heat/cold buffer and permissible operating window. Glycol cooling, heat recovery and beer maturation tanks alone do not establish thermal storage. Continuation2026-10-08: Fresh2026report retrieval timed out in this continuation. Previously inspected report provenance is retained; no new heat-temperature, permissible shift or thermal-store evidence is inferred. Vertiefung 2026-10-08: Aktuellen Brüdenverdichterbetrieb und konkrete thermische Speicher mit Lade-/Entladefenstern prüfen."
DRF-20261008-P29-incremental_load_score,P29,incremental_load_score,2026-10-08,Codex,STILL_UNKNOWN,S-P29-03,"Erdgas-Dampf/BHKW und Ammoniakkälte. Bericht mischt aktuelle und ältere Betriebsbeschreibungen. Wärmerückgewinnung, Reifekeller Juli 2022 und weitere Maßnahmen sind dokumentiert; Reparatur des Brüdenverdichters offen.","Defined additional thermal electrification route and incremental-load materiality. Future roadmap and existing loads/heat totals do not establish a commissioned new electrical route. Continuation2026-10-08: Fresh2026report retrieval timed out in this continuation. Previously inspected report provenance is retained; no new heat-temperature, permissible shift or thermal-store evidence is inferred. Vertiefung 2026-10-08: Aktuellen Brüdenverdichterbetrieb und konkrete thermische Speicher mit Lade-/Entladefenstern prüfen."
DRF-20261008-P76-temperature_fit_score,P76,temperature_fit_score,2026-10-08,Codex,STILL_UNKNOWN,S-P76-04,Kunststoffspritzguss mit automatisiertem Handling; eigene thermische Energieträger bleiben offen. Eigene PV und ISO-14001-Umweltmanagement belegt; kein direkter Wärmerückgewinnungsnachweis.,"Actual process-heating temperatures and supported electric-heat fit, rather than part dimensions, cold maturation, material/customer ratings or historical boiler baselines. Own PV, robots/automatic handling and current ISO14001 incl Siemens15 assembly annex; tools outsourced, PV commissioning undated;2018/2020 projects outsidewindow. Continuation2026-10-08: Three-shift production and machine count do not establish safe interruption/shift windows or dated energy-asset commissioning. Vertiefung 2026-10-08: Kühl- und Druckluftsysteme mit Rückgewinnung, Wärmeverbrauchern und datierten Anlagenprojekten prüfen."
DRF-20261008-P76-process_electrification_score,P76,process_electrification_score,2026-10-08,Codex,STILL_UNKNOWN,S-P76-04,Kunststoffspritzguss mit automatisiertem Handling; eigene thermische Energieträger bleiben offen. Eigene PV und ISO-14001-Umweltmanagement belegt; kein direkter Wärmerückgewinnungsnachweis.,"Named own actual/planned electric thermal route; electrochemical coating, generic production or customer energy applications alone do not establish electric process heat. Own PV, robots/automatic handling and current ISO14001 incl Siemens15 assembly annex; tools outsourced, PV commissioning undated;2018/2020 projects outsidewindow. Continuation2026-10-08: Three-shift production and machine count do not establish safe interruption/shift windows or dated energy-asset commissioning. Vertiefung 2026-10-08: Kühl- und Druckluftsysteme mit Rückgewinnung, Wärmeverbrauchern und datierten Anlagenprojekten prüfen."
DRF-20261008-P76-fossil_heat_displacement_score,P76,fossil_heat_displacement_score,2026-10-08,Codex,STILL_UNKNOWN,S-P76-04,Kunststoffspritzguss mit automatisiertem Handling; eigene thermische Energieträger bleiben offen. Eigene PV und ISO-14001-Umweltmanagement belegt; kein direkter Wärmerückgewinnungsnachweis.,"Actual current fossil thermal carrier, centrality and displacement materiality; unspecified CHP/ovens and historic gas baselines do not establish remaining fuel mix. Own PV, robots/automatic handling and current ISO14001 incl Siemens15 assembly annex; tools outsourced, PV commissioning undated;2018/2020 projects outsidewindow. Continuation2026-10-08: Three-shift production and machine count do not establish safe interruption/shift windows or dated energy-asset commissioning. Vertiefung 2026-10-08: Kühl- und Druckluftsysteme mit Rückgewinnung, Wärmeverbrauchern und datierten Anlagenprojekten prüfen."
DRF-20261008-P76-scheduling_flex_score,P76,scheduling_flex_score,2026-10-08,Codex,STILL_UNKNOWN,S-P76-04,Kunststoffspritzguss mit automatisiertem Handling; eigene thermische Energieträger bleiben offen. Eigene PV und ISO-14001-Umweltmanagement belegt; kein direkter Wärmerückgewinnungsnachweis.,"Admissible operating/start/interruption windows and actual buffers; product maturation, process cycles or programmable furnace recipes are not dispatch permission. Own PV, robots/automatic handling and current ISO14001 incl Siemens15 assembly annex; tools outsourced, PV commissioning undated;2018/2020 projects outsidewindow. Continuation2026-10-08: Three-shift production and machine count do not establish safe interruption/shift windows or dated energy-asset commissioning. Vertiefung 2026-10-08: Kühl- und Druckluftsysteme mit Rückgewinnung, Wärmeverbrauchern und datierten Anlagenprojekten prüfen."
DRF-20261008-P76-thermal_storage_flex_score,P76,thermal_storage_flex_score,2026-10-08,Codex,STILL_UNKNOWN,S-P76-04,Kunststoffspritzguss mit automatisiertem Handling; eigene thermische Energieträger bleiben offen. Eigene PV und ISO-14001-Umweltmanagement belegt; kein direkter Wärmerückgewinnungsnachweis.,"Named own usable heat/cold store or validated thermal inertia with operating window; cooling, absorption chilling, production tanks and glass melt mass alone do not establish storage. Own PV, robots/automatic handling and current ISO14001 incl Siemens15 assembly annex; tools outsourced, PV commissioning undated;2018/2020 projects outsidewindow. Continuation2026-10-08: Three-shift production and machine count do not establish safe interruption/shift windows or dated energy-asset commissioning. Vertiefung 2026-10-08: Kühl- und Druckluftsysteme mit Rückgewinnung, Wärmeverbrauchern und datierten Anlagenprojekten prüfen."
DRF-20261008-P76-incremental_load_score,P76,incremental_load_score,2026-10-08,Codex,STILL_UNKNOWN,S-P76-04,Kunststoffspritzguss mit automatisiertem Handling; eigene thermische Energieträger bleiben offen. Eigene PV und ISO-14001-Umweltmanagement belegt; kein direkter Wärmerückgewinnungsnachweis.,"Defined additional thermal electrification route and ordinal new-load materiality; existing electric assets, PV expansion and EV charging are not an additional heat-route load. Own PV, robots/automatic handling and current ISO14001 incl Siemens15 assembly annex; tools outsourced, PV commissioning undated;2018/2020 projects outsidewindow. Continuation2026-10-08: Three-shift production and machine count do not establish safe interruption/shift windows or dated energy-asset commissioning. Vertiefung 2026-10-08: Kühl- und Druckluftsysteme mit Rückgewinnung, Wärmeverbrauchern und datierten Anlagenprojekten prüfen."
DRF-20261008-P76-investment_gap_score,P76,investment_gap_score,2026-10-08,Codex,STILL_UNKNOWN,S-P76-04,Kunststoffspritzguss mit automatisiertem Handling; eigene thermische Energieträger bleiben offen. Eigene PV und ISO-14001-Umweltmanagement belegt; kein direkter Wärmerückgewinnungsnachweis.,"Dated completed energy-transition investment within2021-10-07 to2026-10-07; old projects, certificate renewal, crawl dates and undifferentiated capacity/wastewater expansion are insufficient. Own PV, robots/automatic handling and current ISO14001 incl Siemens15 assembly annex; tools outsourced, PV commissioning undated;2018/2020 projects outsidewindow. Continuation2026-10-08: Three-shift production and machine count do not establish safe interruption/shift windows or dated energy-asset commissioning. Vertiefung 2026-10-08: Kühl- und Druckluftsysteme mit Rückgewinnung, Wärmeverbrauchern und datierten Anlagenprojekten prüfen."
DRF-20261008-P77-temperature_fit_score,P77,temperature_fit_score,2026-10-08,Codex,STILL_UNKNOWN,S-P77-03 | S-P77-06,"Spritzguss mit servo-/vollelektrischen Maschinen, Kühlung und Heizöl für Heiz-/Prozesszwecke. Wärmerückgewinnung und Freikühlung direkt belegt. ISO 50001 001117.E gilt bis 22.09.2029.","Actual process-heating temperatures and supported electric-heat fit, rather than part dimensions, cold maturation, material/customer ratings or historical boiler baselines. Own CNC/EDM/robots/free-cooling/heat-recovery, current ISO50001/14001; historical energy recovery outsidewindow, IIOT network not confirmed completed. Continuation2026-10-08: Peak-use refrigeration/free cooling and servo drives are not heat-fuel or thermal-store evidence. Newer news route failed; no new owned PV established. Vertiefung 2026-10-08: Energieanlage und Zertifikat vom Investitionsprojekt trennen; aktuelle thermische Speicher und Heizöl-Restverbrauch klären."
DRF-20261008-P77-process_electrification_score,P77,process_electrification_score,2026-10-08,Codex,STILL_UNKNOWN,S-P77-03 | S-P77-06,"Spritzguss mit servo-/vollelektrischen Maschinen, Kühlung und Heizöl für Heiz-/Prozesszwecke. Wärmerückgewinnung und Freikühlung direkt belegt. ISO 50001 001117.E gilt bis 22.09.2029.","Named own actual/planned electric thermal route; electrochemical coating, generic production or customer energy applications alone do not establish electric process heat. Own CNC/EDM/robots/free-cooling/heat-recovery, current ISO50001/14001; historical energy recovery outsidewindow, IIOT network not confirmed completed. Continuation2026-10-08: Peak-use refrigeration/free cooling and servo drives are not heat-fuel or thermal-store evidence. Newer news route failed; no new owned PV established. Vertiefung 2026-10-08: Energieanlage und Zertifikat vom Investitionsprojekt trennen; aktuelle thermische Speicher und Heizöl-Restverbrauch klären."
DRF-20261008-P77-scheduling_flex_score,P77,scheduling_flex_score,2026-10-08,Codex,STILL_UNKNOWN,S-P77-03 | S-P77-06,"Spritzguss mit servo-/vollelektrischen Maschinen, Kühlung und Heizöl für Heiz-/Prozesszwecke. Wärmerückgewinnung und Freikühlung direkt belegt. ISO 50001 001117.E gilt bis 22.09.2029.","Admissible operating/start/interruption windows and actual buffers; product maturation, process cycles or programmable furnace recipes are not dispatch permission. Own CNC/EDM/robots/free-cooling/heat-recovery, current ISO50001/14001; historical energy recovery outsidewindow, IIOT network not confirmed completed. Continuation2026-10-08: Peak-use refrigeration/free cooling and servo drives are not heat-fuel or thermal-store evidence. Newer news route failed; no new owned PV established. Vertiefung 2026-10-08: Energieanlage und Zertifikat vom Investitionsprojekt trennen; aktuelle thermische Speicher und Heizöl-Restverbrauch klären."
DRF-20261008-P77-thermal_storage_flex_score,P77,thermal_storage_flex_score,2026-10-08,Codex,STILL_UNKNOWN,S-P77-03 | S-P77-06,"Spritzguss mit servo-/vollelektrischen Maschinen, Kühlung und Heizöl für Heiz-/Prozesszwecke. Wärmerückgewinnung und Freikühlung direkt belegt. ISO 50001 001117.E gilt bis 22.09.2029.","Named own usable heat/cold store or validated thermal inertia with operating window; cooling, absorption chilling, production tanks and glass melt mass alone do not establish storage. Own CNC/EDM/robots/free-cooling/heat-recovery, current ISO50001/14001; historical energy recovery outsidewindow, IIOT network not confirmed completed. Continuation2026-10-08: Peak-use refrigeration/free cooling and servo drives are not heat-fuel or thermal-store evidence. Newer news route failed; no new owned PV established. Vertiefung 2026-10-08: Energieanlage und Zertifikat vom Investitionsprojekt trennen; aktuelle thermische Speicher und Heizöl-Restverbrauch klären."
DRF-20261008-P77-incremental_load_score,P77,incremental_load_score,2026-10-08,Codex,STILL_UNKNOWN,S-P77-03 | S-P77-06,"Spritzguss mit servo-/vollelektrischen Maschinen, Kühlung und Heizöl für Heiz-/Prozesszwecke. Wärmerückgewinnung und Freikühlung direkt belegt. ISO 50001 001117.E gilt bis 22.09.2029.","Defined additional thermal electrification route and ordinal new-load materiality; existing electric assets, PV expansion and EV charging are not an additional heat-route load. Own CNC/EDM/robots/free-cooling/heat-recovery, current ISO50001/14001; historical energy recovery outsidewindow, IIOT network not confirmed completed. Continuation2026-10-08: Peak-use refrigeration/free cooling and servo drives are not heat-fuel or thermal-store evidence. Newer news route failed; no new owned PV established. Vertiefung 2026-10-08: Energieanlage und Zertifikat vom Investitionsprojekt trennen; aktuelle thermische Speicher und Heizöl-Restverbrauch klären."
DRF-20261008-P77-onsite_integration_score,P77,onsite_integration_score,2026-10-08,Codex,STILL_UNKNOWN,S-P77-03 | S-P77-06,"Spritzguss mit servo-/vollelektrischen Maschinen, Kühlung und Heizöl für Heiz-/Prozesszwecke. Wärmerückgewinnung und Freikühlung direkt belegt. ISO 50001 001117.E gilt bis 22.09.2029.","Own PV/battery/microgrid/load-management use case and actual integration; supplier green power and customer applications are not own deployment. Own CNC/EDM/robots/free-cooling/heat-recovery, current ISO50001/14001; historical energy recovery outsidewindow, IIOT network not confirmed completed. Continuation2026-10-08: Peak-use refrigeration/free cooling and servo drives are not heat-fuel or thermal-store evidence. Newer news route failed; no new owned PV established. Vertiefung 2026-10-08: Energieanlage und Zertifikat vom Investitionsprojekt trennen; aktuelle thermische Speicher und Heizöl-Restverbrauch klären."
DRF-20261008-P77-investment_gap_score,P77,investment_gap_score,2026-10-08,Codex,STILL_UNKNOWN,S-P77-03 | S-P77-06,"Spritzguss mit servo-/vollelektrischen Maschinen, Kühlung und Heizöl für Heiz-/Prozesszwecke. Wärmerückgewinnung und Freikühlung direkt belegt. ISO 50001 001117.E gilt bis 22.09.2029.","Dated completed energy-transition investment within2021-10-07 to2026-10-07; old projects, certificate renewal, crawl dates and undifferentiated capacity/wastewater expansion are insufficient. Own CNC/EDM/robots/free-cooling/heat-recovery, current ISO50001/14001; historical energy recovery outsidewindow, IIOT network not confirmed completed. Continuation2026-10-08: Peak-use refrigeration/free cooling and servo drives are not heat-fuel or thermal-store evidence. Newer news route failed; no new owned PV established. Vertiefung 2026-10-08: Energieanlage und Zertifikat vom Investitionsprojekt trennen; aktuelle thermische Speicher und Heizöl-Restverbrauch klären."
DRF-20261008-P100-fossil_heat_displacement_score,P100,fossil_heat_displacement_score,2026-10-08,Codex,STILL_UNKNOWN,S-P100-03 | S-P100-05,"Kunststoff- und Keramikspritzguss, Entbindern und Sintern; aktuelle Sinterenergieträger fehlen. Eigene PV und Rückgewinnung für Gebäudeheizung belegt; neue Maschine der anderen Gruppengesellschaft nicht zurechnen.","Current company/site process heat carrier mix and attributable fossil thermal duty. No public evidence is not zero fossil heat. Continuation2026-10-08: Group Kläger SPC new electric machine must not be transferred to Kläger Spritzguss without entity/site attribution.2010PV is outside lookback; room heat recovery does not establish production fuel remainder. Vertiefung 2026-10-08: Verbraucher der Rückgewinnung, genaue Brennstoffe und datierte abgeschlossene Investitionen beim eigenen Werk prüfen."
DRF-20261008-P100-thermal_storage_flex_score,P100,thermal_storage_flex_score,2026-10-08,Codex,STILL_UNKNOWN,S-P100-03 | S-P100-05,"Kunststoff- und Keramikspritzguss, Entbindern und Sintern; aktuelle Sinterenergieträger fehlen. Eigene PV und Rückgewinnung für Gebäudeheizung belegt; neue Maschine der anderen Gruppengesellschaft nicht zurechnen.","Actual useful heat/cold buffer capacity, temperature, connection and timing freedom; thermal mass, room heat and electrical batteries not sufficient. Continuation2026-10-08: Group Kläger SPC new electric machine must not be transferred to Kläger Spritzguss without entity/site attribution.2010PV is outside lookback; room heat recovery does not establish production fuel remainder. Vertiefung 2026-10-08: Verbraucher der Rückgewinnung, genaue Brennstoffe und datierte abgeschlossene Investitionen beim eigenen Werk prüfen."
DRF-20261008-P100-management_gap_score,P100,management_gap_score,2026-10-08,Codex,STILL_UNKNOWN,S-P100-03 | S-P100-05,"Kunststoff- und Keramikspritzguss, Entbindern und Sintern; aktuelle Sinterenergieträger fehlen. Eigene PV und Rückgewinnung für Gebäudeheizung belegt; neue Maschine der anderen Gruppengesellschaft nicht zurechnen.","Current direct ISO 50001/14001/EMAS or operational energy-management evidence for exact holder; quality-only and absent public certificate not no-management conclusion. Continuation2026-10-08: Group Kläger SPC new electric machine must not be transferred to Kläger Spritzguss without entity/site attribution.2010PV is outside lookback; room heat recovery does not establish production fuel remainder. Vertiefung 2026-10-08: Verbraucher der Rückgewinnung, genaue Brennstoffe und datierte abgeschlossene Investitionen beim eigenen Werk prüfen."
DRF-20261008-P100-investment_gap_score,P100,investment_gap_score,2026-10-08,Codex,STILL_UNKNOWN,S-P100-03 | S-P100-05,"Kunststoff- und Keramikspritzguss, Entbindern und Sintern; aktuelle Sinterenergieträger fehlen. Eigene PV und Rückgewinnung für Gebäudeheizung belegt; neue Maschine der anderen Gruppengesellschaft nicht zurechnen.","Completed owned energy investments with commissioning dates in 2021-10-07 to 2026-10-07. Operation/report/filename dates, generic annual CAPEX and other group companies not sufficient. Continuation2026-10-08: Group Kläger SPC new electric machine must not be transferred to Kläger Spritzguss without entity/site attribution.2010PV is outside lookback; room heat recovery does not establish production fuel remainder. Vertiefung 2026-10-08: Verbraucher der Rückgewinnung, genaue Brennstoffe und datierte abgeschlossene Investitionen beim eigenen Werk prüfen."
DRF-20261008-P78-fossil_heat_displacement_score,P78,fossil_heat_displacement_score,2026-10-08,Codex,STILL_UNKNOWN,S-P78-03,"Duroplast-Pressverfahren: Werkzeugtemperatur 130–150 °C laut eigener Pressemitteilung. Produktion belegt; thermische Energieträger, Rückgewinnung und aktuelle Energieinvestitionen offen.","Current company/site process heat carrier mix and attributable fossil thermal duty. No public evidence is not zero fossil heat. Continuation2026-10-08: Company-authored release states own pressing temperature130-150degreesC. Discrete curing supports weak sequencing only; no allowable interruption, heat carrier or duty power is established. Vertiefung 2026-10-08: Betriebswebsite/Anlagennachweise wieder abrufen; Heizungsart der Pressen und reale Rückgewinnungsanlagen verifizieren."
DRF-20261008-P78-power_conversion_score,P78,power_conversion_score,2026-10-08,Codex,STILL_UNKNOWN,S-P78-03,"Duroplast-Pressverfahren: Werkzeugtemperatur 130–150 °C laut eigener Pressemitteilung. Produktion belegt; thermische Energieträger, Rückgewinnung und aktuelle Energieinvestitionen offen.","Owned rectifier/inverter/controlled-electric-heat applications, scope and duty; mechanical water power not electricity generation. Continuation2026-10-08: Company-authored release states own pressing temperature130-150degreesC. Discrete curing supports weak sequencing only; no allowable interruption, heat carrier or duty power is established. Vertiefung 2026-10-08: Betriebswebsite/Anlagennachweise wieder abrufen; Heizungsart der Pressen und reale Rückgewinnungsanlagen verifizieren."
DRF-20261008-P78-automation_control_score,P78,automation_control_score,2026-10-08,Codex,STILL_UNKNOWN,S-P78-03,"Duroplast-Pressverfahren: Werkzeugtemperatur 130–150 °C laut eigener Pressemitteilung. Produktion belegt; thermische Energieträger, Rückgewinnung und aktuelle Energieinvestitionen offen.","Owned process control/monitoring inventory and operational coordination; quality claims not EnMS maturity. Continuation2026-10-08: Company-authored release states own pressing temperature130-150degreesC. Discrete curing supports weak sequencing only; no allowable interruption, heat carrier or duty power is established. Vertiefung 2026-10-08: Betriebswebsite/Anlagennachweise wieder abrufen; Heizungsart der Pressen und reale Rückgewinnungsanlagen verifizieren."
DRF-20261008-P78-thermal_storage_flex_score,P78,thermal_storage_flex_score,2026-10-08,Codex,STILL_UNKNOWN,S-P78-03,"Duroplast-Pressverfahren: Werkzeugtemperatur 130–150 °C laut eigener Pressemitteilung. Produktion belegt; thermische Energieträger, Rückgewinnung und aktuelle Energieinvestitionen offen.","Actual useful heat/cold buffer capacity, temperature, connection and timing freedom; thermal mass, room heat and electrical batteries not sufficient. Continuation2026-10-08: Company-authored release states own pressing temperature130-150degreesC. Discrete curing supports weak sequencing only; no allowable interruption, heat carrier or duty power is established. Vertiefung 2026-10-08: Betriebswebsite/Anlagennachweise wieder abrufen; Heizungsart der Pressen und reale Rückgewinnungsanlagen verifizieren."
DRF-20261008-P78-power_quality_score,P78,power_quality_score,2026-10-08,Codex,STILL_UNKNOWN,S-P78-03,"Duroplast-Pressverfahren: Werkzeugtemperatur 130–150 °C laut eigener Pressemitteilung. Produktion belegt; thermische Energieträger, Rückgewinnung und aktuelle Energieinvestitionen offen.","Owned relevant converter/peak topology or measured harmonic/reactive/voltage findings; product resistance/current amps not measured power-quality evidence. Continuation2026-10-08: Company-authored release states own pressing temperature130-150degreesC. Discrete curing supports weak sequencing only; no allowable interruption, heat carrier or duty power is established. Vertiefung 2026-10-08: Betriebswebsite/Anlagennachweise wieder abrufen; Heizungsart der Pressen und reale Rückgewinnungsanlagen verifizieren."
DRF-20261008-P78-onsite_integration_score,P78,onsite_integration_score,2026-10-08,Codex,STILL_UNKNOWN,S-P78-03,"Duroplast-Pressverfahren: Werkzeugtemperatur 130–150 °C laut eigener Pressemitteilung. Produktion belegt; thermische Energieträger, Rückgewinnung und aktuelle Energieinvestitionen offen.","Owned electricity generation/storage/load-management topology; mechanical hydropower, purchased renewables or group assets not inherited. Continuation2026-10-08: Company-authored release states own pressing temperature130-150degreesC. Discrete curing supports weak sequencing only; no allowable interruption, heat carrier or duty power is established. Vertiefung 2026-10-08: Betriebswebsite/Anlagennachweise wieder abrufen; Heizungsart der Pressen und reale Rückgewinnungsanlagen verifizieren."
DRF-20261008-P78-measures_gap_score,P78,measures_gap_score,2026-10-08,Codex,STILL_UNKNOWN,S-P78-03,"Duroplast-Pressverfahren: Werkzeugtemperatur 130–150 °C laut eigener Pressemitteilung. Produktion belegt; thermische Energieträger, Rückgewinnung und aktuelle Energieinvestitionen offen.","Named current implemented energy measures with exact entity/site/technology scope. Generic efficient/green production and resource recycling not adequate negative-search proof. Continuation2026-10-08: Company-authored release states own pressing temperature130-150degreesC. Discrete curing supports weak sequencing only; no allowable interruption, heat carrier or duty power is established. Vertiefung 2026-10-08: Betriebswebsite/Anlagennachweise wieder abrufen; Heizungsart der Pressen und reale Rückgewinnungsanlagen verifizieren."
DRF-20261008-P78-management_gap_score,P78,management_gap_score,2026-10-08,Codex,STILL_UNKNOWN,S-P78-03,"Duroplast-Pressverfahren: Werkzeugtemperatur 130–150 °C laut eigener Pressemitteilung. Produktion belegt; thermische Energieträger, Rückgewinnung und aktuelle Energieinvestitionen offen.","Current direct ISO 50001/14001/EMAS or operational energy-management evidence for exact holder; quality-only and absent public certificate not no-management conclusion. Continuation2026-10-08: Company-authored release states own pressing temperature130-150degreesC. Discrete curing supports weak sequencing only; no allowable interruption, heat carrier or duty power is established. Vertiefung 2026-10-08: Betriebswebsite/Anlagennachweise wieder abrufen; Heizungsart der Pressen und reale Rückgewinnungsanlagen verifizieren."
DRF-20261008-P78-targets_gap_score,P78,targets_gap_score,2026-10-08,Codex,STILL_UNKNOWN,S-P78-03,"Duroplast-Pressverfahren: Werkzeugtemperatur 130–150 °C laut eigener Pressemitteilung. Produktion belegt; thermische Energieträger, Rückgewinnung und aktuelle Energieinvestitionen offen.","Owned energy/climate target, date, scope and roadmap, or documented sufficient defined search. General quality/resource sustainability not energy target. Continuation2026-10-08: Company-authored release states own pressing temperature130-150degreesC. Discrete curing supports weak sequencing only; no allowable interruption, heat carrier or duty power is established. Vertiefung 2026-10-08: Betriebswebsite/Anlagennachweise wieder abrufen; Heizungsart der Pressen und reale Rückgewinnungsanlagen verifizieren."
DRF-20261008-P78-investment_gap_score,P78,investment_gap_score,2026-10-08,Codex,STILL_UNKNOWN,S-P78-03,"Duroplast-Pressverfahren: Werkzeugtemperatur 130–150 °C laut eigener Pressemitteilung. Produktion belegt; thermische Energieträger, Rückgewinnung und aktuelle Energieinvestitionen offen.","Completed owned energy investments with commissioning dates in 2021-10-07 to 2026-10-07. Operation/report/filename dates, generic annual CAPEX and other group companies not sufficient. Continuation2026-10-08: Company-authored release states own pressing temperature130-150degreesC. Discrete curing supports weak sequencing only; no allowable interruption, heat carrier or duty power is established. Vertiefung 2026-10-08: Betriebswebsite/Anlagennachweise wieder abrufen; Heizungsart der Pressen und reale Rückgewinnungsanlagen verifizieren."
