query_id,checked_date,purpose,query,interpretation
"DRQ-20261009-001","2026-10-09","TARGETED_PRIMARY_SOURCE_DISCOVERY","site:langer-group.de Energie Wärme Speicher DNK 2024","Discovery only; selected retrieved primary bodies carry evidence."
"DRQ-20261009-002","2026-10-09","TARGETED_PRIMARY_SOURCE_DISCOVERY","site:mkt-gmbh.org Wärmerückgewinnung Energie Heizung","Discovery only; selected retrieved primary bodies carry evidence."
"DRQ-20261009-003","2026-10-09","TARGETED_PRIMARY_SOURCE_DISCOVERY","site:peka-spritzguss.de Energie Nachhaltigkeit Maschinen","Discovery only; selected retrieved primary bodies carry evidence."
"DRQ-20261009-004","2026-10-09","TARGETED_PRIMARY_SOURCE_DISCOVERY","site:peco-germany.com Energie Wärmerückgewinnung ISO","Discovery only; selected retrieved primary bodies carry evidence."
"DRQ-20261009-005","2026-10-09","TARGETED_PRIMARY_SOURCE_DISCOVERY","site:frank-formenbau-spritzguss.de Energie Wärme Nachhaltigkeit","Discovery only; selected retrieved primary bodies carry evidence."
"DRQ-20261009-006","2026-10-09","TARGETED_PRIMARY_SOURCE_DISCOVERY","site:kt-breitungen.de Maschinenpark Energie Umwelt","Discovery only; selected retrieved primary bodies carry evidence."
"DRQ-20261009-007","2026-10-09","TARGETED_PRIMARY_SOURCE_DISCOVERY","site:bauernmolkerei.de Wärme Energie Förderung Biomasse","Discovery only; selected retrieved primary bodies carry evidence."
"DRQ-20261009-008","2026-10-09","TARGETED_PRIMARY_SOURCE_DISCOVERY","site:metoba.de Energie Umwelt Wärme Investition","Discovery only; selected retrieved primary bodies carry evidence."
"DRQ-20261009-009","2026-10-09","TARGETED_PRIMARY_SOURCE_DISCOVERY","site:rudolf-clauss.de nachhaltigkeit photovoltaik Energie Wärme","Discovery only; selected retrieved primary bodies carry evidence."
"DRQ-20261009-010","2026-10-09","TARGETED_PRIMARY_SOURCE_DISCOVERY","site:wigl-gmbh.de Energie Photovoltaik Wärmerückgewinnung","Discovery only; selected retrieved primary bodies carry evidence."
"DRQ-20261009-011","2026-10-09","TARGETED_PRIMARY_SOURCE_DISCOVERY","site:mkt-gmbh.org Kunststoff Energie Heizung","Discovery only; selected retrieved primary bodies carry evidence."
"DRQ-20261009-012","2026-10-09","TARGETED_PRIMARY_SOURCE_DISCOVERY","site:kt-breitungen.de Maschinenpark Kunststoff","Discovery only; selected retrieved primary bodies carry evidence."
"DRQ-20261009-013","2026-10-09","TARGETED_PRIMARY_SOURCE_DISCOVERY","site:rudolf-clauss.de nachhaltigkeit","Discovery only; selected retrieved primary bodies carry evidence."
"DRQ-20261009-014","2026-10-09","TARGETED_PRIMARY_SOURCE_DISCOVERY","site:wigl-gmbh.de Energie Photovoltaik","Discovery only; selected retrieved primary bodies carry evidence."
"DRQ-20261009-015","2026-10-09","TARGETED_PRIMARY_SOURCE_DISCOVERY","site:mkt-gmbh.org Energie","Discovery only; selected retrieved primary bodies carry evidence."
"DRQ-20261009-016","2026-10-09","TARGETED_PRIMARY_SOURCE_DISCOVERY","site:arburg.com ALLROUNDER 520 E servomotor electric","Discovery only; selected retrieved primary bodies carry evidence."
"DRQ-20261009-017","2026-10-09","TARGETED_PRIMARY_SOURCE_DISCOVERY","site:peco-germany.com ""Nachhaltiges""","Discovery only; selected retrieved primary bodies carry evidence."
"DRQ-20261009-018","2026-10-09","TARGETED_PRIMARY_SOURCE_DISCOVERY","site:arburg.com ""EDRIVE"" ""servo"" ""520""","Discovery only; selected retrieved primary bodies carry evidence."
"DRQ-20261009-019","2026-10-09","TARGETED_PRIMARY_SOURCE_DISCOVERY","site:arburg.com ""EDRIVE"" ""servomotors""","Discovery only; selected retrieved primary bodies carry evidence."
"DRQ-20261009-020","2026-10-09","TARGETED_PRIMARY_SOURCE_DISCOVERY","site:arburg.com ""520 E"" ""SELOGICA""","Discovery only; selected retrieved primary bodies carry evidence."
"DRQ-20261009-021","2026-10-09","TARGETED_PRIMARY_SOURCE_DISCOVERY","site:arburg.com/media ""EDRIVE"" ""Servomotoren""","Discovery only; selected retrieved primary bodies carry evidence."
"DRQ-20261009-022","2026-10-09","TARGETED_PRIMARY_SOURCE_DISCOVERY","site:peco-germany.com ""Energiemanagement""","Discovery only; selected retrieved primary bodies carry evidence."
"DRQ-20261009-023","2026-10-09","TARGETED_PRIMARY_SOURCE_DISCOVERY","site:bauernmolkerei.de ""Neubau"" ""2021""","Discovery only; selected retrieved primary bodies carry evidence."
"DRQ-20261009-024","2026-10-09","TARGETED_PRIMARY_SOURCE_DISCOVERY","""Peltzer"" ""ISO 50001""","Discovery only; selected retrieved primary bodies carry evidence."
"DRQ-20261009-025","2026-10-09","TARGETED_PRIMARY_SOURCE_DISCOVERY","""Rudolf Clauss"" Wärmepumpe Galvanik Energie","Discovery only; selected retrieved primary bodies carry evidence."
"DRQ-20261009-026","2026-10-09","TARGETED_PRIMARY_SOURCE_DISCOVERY","""Kunststofftechnik Breitungen"" Energie Photovoltaik","Discovery only; selected retrieved primary bodies carry evidence."
