company_id,searched_date,searched_by,query,result_count,discovered_urls,note
P03,2026-10-08,Codex,site:bauernmolkerei.de (Photovoltaik OR Abwärme OR Wärmepumpe OR Prozesswärme OR Energiemanagement OR Speicher OR Brennofen),0,,Search discovery only; snippets never authenticate an anchor. Bodies and access failures tracked separately.
P04,2026-10-08,Codex,site:lammsbraeu.de (Photovoltaik OR Abwärme OR Wärmepumpe OR Prozesswärme OR Energiemanagement OR Speicher OR Brennofen),3,https://www.lammsbraeu.de/hubfs/Dachmarke/resources/documents/Nachhaltigkeitsberichte/GRI-Bericht2023_Neumarkter%20Lammsbr%C3%A4u_final%2020240913.pdf | https://www.lammsbraeu.de/blog/messbarer-klimaschutz | https://www.lammsbraeu.de/hubfs/Dachmarke/resources/documents/Nachhaltigkeitsberichte/Umweltbericht%202022%20Neumarkter%20Lammsbr%C3%A4u%20final.pdf,Search discovery only; snippets never authenticate an anchor. Bodies and access failures tracked separately.
P05,2026-10-08,Codex,site:einbecker-brauhaus.de (Photovoltaik OR Abwärme OR Wärmepumpe OR Prozesswärme OR Energiemanagement OR Speicher OR Brennofen),2,https://www.einbecker-brauhaus.de/aktionaere/berichte?_hash=mpuJabCSORAqvMUj5W%2Fut2RnY9R9PFlec7WaR6OlHHA%3D&ctx=a%3A1%3A%7Bs%3A2%3A%22id%22%3Bi%3A5286%3B%7D&d=attachment&f=Brauhaus_Geschaeftsbericht_2023.pdf&p=einbecker_gruppe%2Fcontent%2Faktionaere%2Farchiv%2F2024%2FBrauhaus_Geschaeftsbericht_2023.pdf | https://www.einbecker-brauhaus.de/files/einbecker_gruppe/content/leitbild-und-werte/nachhaltigkeit/umwelterklaerung-ebag-2025.pdf,Search discovery only; snippets never authenticate an anchor. Bodies and access failures tracked separately.
P07,2026-10-08,Codex,site:varioplast.de (Photovoltaik OR Abwärme OR Wärmepumpe OR Prozesswärme OR Energiemanagement OR Speicher OR Brennofen),13,https://www.varioplast.de/de/serienfertigung/ressourcenschonende-produktion | https://www.varioplast.de/de/unternehmen/highlights | https://varioplast.de/de/branchen/weisse-ware-haushaltsgeraete | https://www.varioplast.de/de/branchen/elektrotechnik | https://www.varioplast.de/de/branchen/luft-und-raumfahrt | https://varioplast.de/de/branchen/automotive | https://www.varioplast.de/de/branchen/defense | https://varioplast.de/de/branchen/telekommunikation | https://www.varioplast.de/images/pages/unternehmen/highlights/2024_12-03/Varioplast-Chef_berichtet_dem_Landrat_live_aus_China.pdf | https://www.varioplast.de/de/branchen/telekommunikation | https://varioplast.de/de/branchen/defense | https://varioplast.de/en/sectors/white-goods-household-appliances | https://www.varioplast.de/en/sectors/electrical-engineering,Search discovery only; snippets never authenticate an anchor. Bodies and access failures tracked separately.
P10,2026-10-08,Codex,site:oskar-lehmann.de (Photovoltaik OR Abwärme OR Wärmepumpe OR Prozesswärme OR Energiemanagement OR Speicher OR Brennofen),9,https://www.oskar-lehmann.de/en/products.html | https://www.oskar-lehmann.de/en/about-us.html | https://www.oskar-lehmann.de/en/areas-of-expertise.html | https://www.oskar-lehmann.de/en/78.html | https://www.oskar-lehmann.de/en/imprint.html | https://www.oskar-lehmann.de/en/cable-management/kaba-twist.html | https://www.oskar-lehmann.de/en/kuba-03.html | https://www.oskar-lehmann.de/en/standard-products.html?file=files%2Fol%2Fproduktpdfs%2FEN%2FEN-10-Connectorsandfasteners.pdf | https://www.oskar-lehmann.de/en/79/erfolgsfaktor-familie.html,Search discovery only; snippets never authenticate an anchor. Bodies and access failures tracked separately.
P11,2026-10-08,Codex,site:bt-unternehmensgruppe.de (Photovoltaik OR Abwärme OR Wärmepumpe OR Prozesswärme OR Energiemanagement OR Speicher OR Brennofen),1,https://bt-unternehmensgruppe.de/IHK-Ausbildung,Search discovery only; snippets never authenticate an anchor. Bodies and access failures tracked separately.
P12,2026-10-08,Codex,site:richard-henkel.de (Photovoltaik OR Abwärme OR Wärmepumpe OR Prozesswärme OR Energiemanagement OR Speicher OR Brennofen),2,https://www.richard-henkel.de/files/downloads/2023_Umwelterklaerung.pdf | https://richard-henkel.de/files/downloads/2024_Umwelterklaerung_Richard_Henkel.pdf,Search discovery only; snippets never authenticate an anchor. Bodies and access failures tracked separately.
P13,2026-10-08,Codex,site:schmalriede.de (Photovoltaik OR Abwärme OR Wärmepumpe OR Prozesswärme OR Energiemanagement OR Speicher OR Brennofen),0,,Search discovery only; snippets never authenticate an anchor. Bodies and access failures tracked separately.
P15,2026-10-08,Codex,site:eloxal-barz.de (Photovoltaik OR Abwärme OR Wärmepumpe OR Prozesswärme OR Energiemanagement OR Speicher OR Brennofen),0,,Search discovery only; snippets never authenticate an anchor. Bodies and access failures tracked separately.
P16,2026-10-08,Codex,site:sembach.de (Photovoltaik OR Abwärme OR Wärmepumpe OR Prozesswärme OR Energiemanagement OR Speicher OR Brennofen),5,https://www.sembach.de/unternehmen/ | https://www.sembach.de/produktion/ | https://www.sembach.de/wp-content/uploads/Imagebroschuere-2026_DE_-DIGITAL.pdf | https://www.sembach.de/en/production/ | https://www.sembach.de/en/solutions/industry/,Search discovery only; snippets never authenticate an anchor. Bodies and access failures tracked separately.
P18,2026-10-08,Codex,site:lamberts.de (Photovoltaik OR Abwärme OR Wärmepumpe OR Prozesswärme OR Energiemanagement OR Speicher OR Brennofen),9,https://lamberts.de/files/content/Mainpage/Informationen/Broschueren_und_Datenblaetter/Broschueren_dt_en_0625/Lamberts_Glashuette_Br_de_0625.pdf | https://lamberts.de/files/content/Mainpage/Informationen/Broschueren_und_Datenblaetter/glas-woerterbuch.pdf | https://lamberts.de/brochures-downloads?cid=10073&file=files%2Fcontent%2FMainpage%2FInformationen%2FBroschueren_und_Datenblaetter%2Fglas-woerterbuch.pdf | https://lamberts.de/beitrag/die-glashuette-lamberts-betreibt-ein-konsequentes-energiemanagement-welches-nach-din-en-iso-50001-2018-zertifiziert-wurde | https://lamberts.de/firmengeschichte | https://lamberts.de/der-zukunft-verpflichtet | https://lamberts.de/history | https://lamberts.de/aktuelles | https://lamberts.de/committed-to-the-future,Search discovery only; snippets never authenticate an anchor. Bodies and access failures tracked separately.
P19,2026-10-08,Codex,site:lamberts.info (Photovoltaik OR Abwärme OR Wärmepumpe OR Prozesswärme OR Energiemanagement OR Speicher OR Brennofen),10,https://www.lamberts.info/projekt/stifthaus-elektro-vieweg | https://www.lamberts.info/produkte/solarglas | https://www.lamberts.info/fileadmin/user_upload/ecoglass/2023-02-06_EPD_Umweltproduktdeklaration.pdf | https://www.lamberts.info/produkte | https://www.lamberts.info/fileadmin/user_upload/produkte/linit/downloads/prospekte/linit_projekte/Schulen_Universitaeten/LAMBERTS_Schulen_Universitaeten_de.pdf | https://www.lamberts.info/iecoglass/oekologie/downloads | https://www.lamberts.info/unternehmen?cHash=ee00ed48ebada0f8a21b29cc73eb2091&limit=all | https://www.lamberts.info/projekt/grosswaermepumpe-wien-simmering | https://www.lamberts.info/en/company?cHash=ee00ed48ebada0f8a21b29cc73eb2091&limit=all | https://www.lamberts.info/glasart/profilbauglas,Search discovery only; snippets never authenticate an anchor. Bodies and access failures tracked separately.
P20,2026-10-08,Codex,site:derix.com (Photovoltaik OR Abwärme OR Wärmepumpe OR Prozesswärme OR Energiemanagement OR Speicher OR Brennofen),3,https://www.derix.com/werkstatt | https://www.derix.com/kontakt | https://www.derix.com/grounding.html,Search discovery only; snippets never authenticate an anchor. Bodies and access failures tracked separately.
P21,2026-10-08,Codex,site:moritzfiege.de (Photovoltaik OR Abwärme OR Wärmepumpe OR Prozesswärme OR Energiemanagement OR Speicher OR Brennofen),0,,Search discovery only; snippets never authenticate an anchor. Bodies and access failures tracked separately.
P22,2026-10-08,Codex,site:riedenburger.de (Photovoltaik OR Abwärme OR Wärmepumpe OR Prozesswärme OR Energiemanagement OR Speicher OR Brennofen),5,https://www.riedenburger.de/neubau/energiekonzept/ | https://www.riedenburger.de/neubau/bautagebuch/ | https://www.riedenburger.de/neues/%C3%BCbergabe-f%C3%B6rderbescheid/ | https://www.riedenburger.de/neubau/h%C3%A4ufig-gestellte-fragen/ | https://www.riedenburger.de/neues/fossilfreie-bierherstellung/,Search discovery only; snippets never authenticate an anchor. Bodies and access failures tracked separately.
P23,2026-10-08,Codex,site:fm-plast.de (Photovoltaik OR Abwärme OR Wärmepumpe OR Prozesswärme OR Energiemanagement OR Speicher OR Brennofen),4,https://www.fm-plast.de/media/wysiwyg/PDF/FM-Plast_Gesamtkatalog.pdf | https://www.fm-plast.de/environment | https://www.fm-plast.de/deutsch/company | https://www.fm-plast.de/media/wysiwyg/PDF/sonderseite_FM-Plast_03.pdf,Search discovery only; snippets never authenticate an anchor. Bodies and access failures tracked separately.
P24,2026-10-08,Codex,site:hk-mueller.de (Photovoltaik OR Abwärme OR Wärmepumpe OR Prozesswärme OR Energiemanagement OR Speicher OR Brennofen),13,https://www.hk-mueller.de/de/nachhaltige-umweltfreundliche-verpackungen/ | https://www.hk-mueller.de/de/unternehmen/nachhaltigkeit-und-umweltschutz/ | https://www.hk-mueller.de/de/unternehmen/download/ | https://www.hk-mueller.de/de/rezyklate/ | https://www.hk-mueller.de/de/unternehmen/qualitaet-und-zertifikate/ | https://www.hk-mueller.de/fileadmin/Dokumente/Imagebroschuere/hk_mueller_image_de.pdf | https://www.hk-mueller.de/en/recycled-plastics/ | https://www.hk-mueller.de/de/leistungen/ | https://www.hk-mueller.de/nl/bedrijf/duurzaamheid-en-milieubescherming/ | https://www.hk-mueller.de/de/produkte/technische-kunststoffspritzgussteile/ | https://www.hk-mueller.de/en/company/sustainability-and-environmental-protection/ | https://www.hk-mueller.de/en/company/quality-assurance-and-certificates/ | https://www.hk-mueller.de/de/kunststoffspritzguss/,Search discovery only; snippets never authenticate an anchor. Bodies and access failures tracked separately.
P25,2026-10-08,Codex,site:scheplast.de (Photovoltaik OR Abwärme OR Wärmepumpe OR Prozesswärme OR Energiemanagement OR Speicher OR Brennofen),1,https://scheplast.de/,Search discovery only; snippets never authenticate an anchor. Bodies and access failures tracked separately.
P26,2026-10-08,Codex,site:barth-galvanik.de (Photovoltaik OR Abwärme OR Wärmepumpe OR Prozesswärme OR Energiemanagement OR Speicher OR Brennofen),0,,Search discovery only; snippets never authenticate an anchor. Bodies and access failures tracked separately.
P27,2026-10-08,Codex,site:bce-special-ceramics.com (Photovoltaik OR Abwärme OR Wärmepumpe OR Prozesswärme OR Energiemanagement OR Speicher OR Brennofen),7,https://www.bce-special-ceramics.com/ | https://www.bce-special-ceramics.com/applications/ | https://www.bce-special-ceramics.com/applications/renewable-energies/ | https://www.bce-special-ceramics.com/company/ | https://www.bce-special-ceramics.com/photovoltaic-system-in-operation-for-5-years/ | https://www.bce-special-ceramics.com/applications/fuel-cells/ | https://www.bce-special-ceramics.com/messages/,Search discovery only; snippets never authenticate an anchor. Bodies and access failures tracked separately.
P28,2026-10-08,Codex,site:bergbier.de (Photovoltaik OR Abwärme OR Wärmepumpe OR Prozesswärme OR Energiemanagement OR Speicher OR Brennofen),4,https://www.bergbier.de/aktuelles/blog/neues-kaeltekonzept | https://www.bergbier.de/aktuelles/blog/einweihung-unseres-neuen-bierlagers-biergartenhauses-und-schulzes-hof | https://www.bergbier.de/aktuelles/blog/baufortschritt | https://www.bergbier.de/datenschutz,Search discovery only; snippets never authenticate an anchor. Bodies and access failures tracked separately.
P29,2026-10-08,Codex,site:meckatzer.de (Photovoltaik OR Abwärme OR Wärmepumpe OR Prozesswärme OR Energiemanagement OR Speicher OR Brennofen),3,https://www.meckatzer.de/fileadmin/user_data/pdfs/240731_Nachhaltigkeitsbericht_WEB.pdf | https://www.meckatzer.de/fileadmin/user_data/presse/250707_Nachhaltigkeitsbericht_WEB.pdf | https://www.meckatzer.de/unsere-biere/hier-gibts-meckatzer/?tx_storefinder_map%5Baction%5D=search&tx_storefinder_map%5Bcontroller%5D=Map,Search discovery only; snippets never authenticate an anchor. Bodies and access failures tracked separately.
P30,2026-10-08,Codex,site:familien-braukunst.de (Photovoltaik OR Abwärme OR Wärmepumpe OR Prozesswärme OR Energiemanagement OR Speicher OR Brennofen),0,,Search discovery only; snippets never authenticate an anchor. Bodies and access failures tracked separately.
P31,2026-10-08,Codex,site:haerle.de (Photovoltaik OR Abwärme OR Wärmepumpe OR Prozesswärme OR Energiemanagement OR Speicher OR Brennofen),2,https://www.haerle.de/fileadmin/haerle/haerle-zeit/Haerle-Zeit_Juli_2018.pdf | https://www.haerle.de/die-gruene-brauerei/schritt-fuer-schritt-fuer-unsere-umwelt,Search discovery only; snippets never authenticate an anchor. Bodies and access failures tracked separately.
P32,2026-10-08,Codex,site:hochdorfer.de (Photovoltaik OR Abwärme OR Wärmepumpe OR Prozesswärme OR Energiemanagement OR Speicher OR Brennofen),1,https://hochdorfer.de/wp-content/uploads/2023/05/ausgabe-nagold-13-05-2023-1.pdf,Search discovery only; snippets never authenticate an anchor. Bodies and access failures tracked separately.
P33,2026-10-08,Codex,site:gindele.de (Photovoltaik OR Abwärme OR Wärmepumpe OR Prozesswärme OR Energiemanagement OR Speicher OR Brennofen),14,https://www.gindele.de/files/ihk_013_magazin_ausgabe_5_2021_inhalt_lay02_blue-table.pdf | https://www.gindele.de/en/technical-glossary/materials.html | https://www.gindele.de/en/technical-glossary/processes-and-technologies.html | https://www.gindele.de/en/technical-glossary/quality-and-standards.html | https://www.gindele.de/en/services/automation.html | https://www.gindele.de/en/index.html | https://www.gindele.de/en/ | https://www.gindele.de/en/industry-solutions/electrical-engineering.html | https://www.gindele.de/en/contact/ | https://www.gindele.de/files/k-profi_ausgabe_1-2.2019.pdf | https://www.gindele.de/en/imprint/ | https://www.gindele.de/en/industry-solutions/medical-technology.html | https://www.gindele.de/en/services/assemblies.html | https://www.gindele.de/en/services/injection-molding.html,Search discovery only; snippets never authenticate an anchor. Bodies and access failures tracked separately.
P34,2026-10-08,Codex,site:kts-schmoelln.de (Photovoltaik OR Abwärme OR Wärmepumpe OR Prozesswärme OR Energiemanagement OR Speicher OR Brennofen),4,https://www.kts-schmoelln.de/en/prozesskette/ | https://www.kts-schmoelln.de/en/home/ | https://www.kts-schmoelln.de/en/leistungen/ | https://www.kts-schmoelln.de/en/unternehmen/,Search discovery only; snippets never authenticate an anchor. Bodies and access failures tracked separately.
P35,2026-10-08,Codex,site:mack-kunststoff.com (Photovoltaik OR Abwärme OR Wärmepumpe OR Prozesswärme OR Energiemanagement OR Speicher OR Brennofen),1,https://mack-kunststoff.com/wp-content/uploads/2021/02/MAC_Datenblatt_PD_Sanpure.pdf,Search discovery only; snippets never authenticate an anchor. Bodies and access failures tracked separately.
P36,2026-10-08,Codex,site:bogm.de (Photovoltaik OR Abwärme OR Wärmepumpe OR Prozesswärme OR Energiemanagement OR Speicher OR Brennofen),0,,Search discovery only; snippets never authenticate an anchor. Bodies and access failures tracked separately.
P37,2026-10-08,Codex,site:atka.de (Photovoltaik OR Abwärme OR Wärmepumpe OR Prozesswärme OR Energiemanagement OR Speicher OR Brennofen),14,https://atka.de/nachhaltigkeit.php | https://www.atka.de/en/nachhaltigkeit.php | https://www.atka.de/en/qualitaetsmanagement.php | https://www.atka.de/en/spritzguss.php | https://www.atka.de/en/leistungen.php | https://www.atka.de/en/pdf/topgreen_brosch_2017_en.pdf | https://www.atka.de/en/unternehmen.php | https://www.atka.de/en/werkzeugbau.php | https://atka.de/en/index.php | https://www.atka.de/en/pdf/atka_SIGL-Prospekt_2019_12-Seiten_EN.pdf | https://www.atka.de/en/pdf/atka_brosch_2017_en.pdf | https://www.atka.de/download/sigl_brosch_2015_en.pdf | https://www.atka.de/download/SIGL_Prospekt_2019_EN.pdf | https://www.atka.de/download/bevando-2016-en.pdf,Search discovery only; snippets never authenticate an anchor. Bodies and access failures tracked separately.
P38,2026-10-08,Codex,site:eloxalwerk-ehingen.com (Photovoltaik OR Abwärme OR Wärmepumpe OR Prozesswärme OR Energiemanagement OR Speicher OR Brennofen),0,,Search discovery only; snippets never authenticate an anchor. Bodies and access failures tracked separately.
P39,2026-10-08,Codex,site:eloxal-hoefler.de (Photovoltaik OR Abwärme OR Wärmepumpe OR Prozesswärme OR Energiemanagement OR Speicher OR Brennofen),0,,Search discovery only; snippets never authenticate an anchor. Bodies and access failures tracked separately.
P40,2026-10-08,Codex,site:oftech.de (Photovoltaik OR Abwärme OR Wärmepumpe OR Prozesswärme OR Energiemanagement OR Speicher OR Brennofen),0,,Search discovery only; snippets never authenticate an anchor. Bodies and access failures tracked separately.
P41,2026-10-08,Codex,site:galvano-weis.com (Photovoltaik OR Abwärme OR Wärmepumpe OR Prozesswärme OR Energiemanagement OR Speicher OR Brennofen),0,,Search discovery only; snippets never authenticate an anchor. Bodies and access failures tracked separately.
P42,2026-10-08,Codex,site:ot-schwerin.de (Photovoltaik OR Abwärme OR Wärmepumpe OR Prozesswärme OR Energiemanagement OR Speicher OR Brennofen),3,https://www.ot-schwerin.de/currently.html | https://www.ot-schwerin.de/surface-coating.html | https://www.ot-schwerin.de/home.html,Search discovery only; snippets never authenticate an anchor. Bodies and access failures tracked separately.
P43,2026-10-08,Codex,site:wzr-ceramic.de (Photovoltaik OR Abwärme OR Wärmepumpe OR Prozesswärme OR Energiemanagement OR Speicher OR Brennofen),16,https://wzr-ceramic.de/porotherm-solar-strom-auf-rufbereitschaft/ | https://wzr-ceramic.de/en/30-years-of-wzr-ceramic-solutions-from-structure-to-performance-and-whats-next/ | https://wzr-ceramic.de/en/brochures/ | https://wzr-ceramic.de/en/blog-2/ | https://wzr-ceramic.de/en/applications-and-manufacturing-of-ceramic-membranes/ | https://wzr-ceramic.de/wp-content/uploads/2021/04/Broschuere_CerCoat_16032021.pdf | https://wzr-ceramic.de/en/how-to-vpp-2/ | https://wzr-ceramic.de/en/partner-2/ | https://wzr-ceramic.de/en/amazing-completed-wzr-develops-3d-printing-processes-for-ceramic-membrane-reactors/ | https://wzr-ceramic.de/wp-content/uploads/2020/08/Nikolay_Kollenberg_Additiv-oder-subtraktiv-eine-wirtschaftliche-Betrachtung_2020-1.pdf | https://wzr-ceramic.de/en/functional-ceramics-rethought-when-synthesis-and-shaping-converge/ | https://wzr-ceramic.de/datenschutz/ | https://wzr-ceramic.de/en/cold-extrusion/ | https://wzr-ceramic.de/en/3d-printing/ | https://wzr-ceramic.de/wp-content/uploads/2021/04/Broschuere_MEX_16032021_EN.pdf | https://wzr-ceramic.de/wp-content/uploads/2021/04/Broschuere_AM_16032021_EN.pdf,Search discovery only; snippets never authenticate an anchor. Bodies and access failures tracked separately.
P44,2026-10-08,Codex,site:oxidkeramik.de (Photovoltaik OR Abwärme OR Wärmepumpe OR Prozesswärme OR Energiemanagement OR Speicher OR Brennofen),5,https://oxidkeramik.de/oxidkeramik-produkte/Thermische-Isolierelemente-aus-Keramik.aspx | https://oxidkeramik.de/oxidkeramik-werkstoffe/keramische-werkstoffe.aspx | https://oxidkeramik.de/oxidkeramik-broschueren/Brochure_Pump_Components_CARSIC310.pdf | https://oxidkeramik.de/oxidkeramik-broschueren/Veroeffentlichung_CeramicApplication_2015.pdf | https://oxidkeramik.de/oxidkeramik-broschueren/Brochure_Machine_Components_OK997.pdf,Search discovery only; snippets never authenticate an anchor. Bodies and access failures tracked separately.
P45,2026-10-08,Codex,site:harzkristall.de (Photovoltaik OR Abwärme OR Wärmepumpe OR Prozesswärme OR Energiemanagement OR Speicher OR Brennofen),6,https://www.harzkristall.de/fileadmin/user_upload/pdf/Harzkristall_Sales-Broschuere_100724.pdf | https://www.harzkristall.de/en/ | https://www.harzkristall.de/en/creative-offers-1 | https://www.harzkristall.de/en/?cHash=1e91b6eef8057e0d4b77a362ccb63098&ved=2ahUKEwj4hdSJndWFAxW0ywIHHdioDQEQgU96BAgeEAQ | https://www.harzkristall.de/en/glass-made-to-measure | https://www.harzkristall.de/en/contact,Search discovery only; snippets never authenticate an anchor. Bodies and access failures tracked separately.
P46,2026-10-08,Codex,site:pofahermsdorf.de (Photovoltaik OR Abwärme OR Wärmepumpe OR Prozesswärme OR Energiemanagement OR Speicher OR Brennofen),6,https://www.pofahermsdorf.de/en/ausbildung/ | https://www.pofahermsdorf.de/en/ | https://www.pofahermsdorf.de/en/weitere-werkstoffe/ | https://www.pofahermsdorf.de/en/agb/ | https://www.pofahermsdorf.de/en/steatit-3/ | https://www.pofahermsdorf.de/en/al%E2%82%82o%E2%82%83-poroes-zta20/,Search discovery only; snippets never authenticate an anchor. Bodies and access failures tracked separately.
P47,2026-10-08,Codex,site:hofmann-ceramic.de (Photovoltaik OR Abwärme OR Wärmepumpe OR Prozesswärme OR Energiemanagement OR Speicher OR Brennofen),9,https://www.hofmann-ceramic.de/firmengeschichte/ | https://www.hofmann-ceramic.de/managementsysteme-und-unternehmenspolitik/ | https://www.hofmann-ceramic.de/downloads/ | https://www.hofmann-ceramic.de/en/foundry-technology/ | https://www.hofmann-ceramic.de/en/ | https://www.hofmann-ceramic.de/en/general-terms-and-conditions/ | https://www.hofmann-ceramic.de/en/career-portal/ | https://www.hofmann-ceramic.de/en/imprint/ | https://www.hofmann-ceramic.de/en/privacy-policy/,Search discovery only; snippets never authenticate an anchor. Bodies and access failures tracked separately.
P50,2026-10-08,Codex,site:brauerei-ayinger.de (Photovoltaik OR Abwärme OR Wärmepumpe OR Prozesswärme OR Energiemanagement OR Speicher OR Brennofen),2,https://www.brauerei-ayinger.de/wp-content/uploads/2025/10/Umwelterklaerung2023_BrauereiAying.pdf | https://www.brauerei-ayinger.de/ayinger-privatbrauerei/pachtboerse/,Search discovery only; snippets never authenticate an anchor. Bodies and access failures tracked separately.
P51,2026-10-08,Codex,site:distelhaeuser.de (Photovoltaik OR Abwärme OR Wärmepumpe OR Prozesswärme OR Energiemanagement OR Speicher OR Brennofen),1,https://www.distelhaeuser.de/impressumdatenschutz/,Search discovery only; snippets never authenticate an anchor. Bodies and access failures tracked separately.
P52,2026-10-08,Codex,site:alpirsbacher.de (Photovoltaik OR Abwärme OR Wärmepumpe OR Prozesswärme OR Energiemanagement OR Speicher OR Brennofen),0,,Search discovery only; snippets never authenticate an anchor. Bodies and access failures tracked separately.
P53,2026-10-08,Codex,site:rittmayer.de (Photovoltaik OR Abwärme OR Wärmepumpe OR Prozesswärme OR Energiemanagement OR Speicher OR Brennofen),4,https://rittmayer.de/nachhaltigkeit | https://rittmayer.de/abfuellzentrum | https://rittmayer.de/brauerei-23 | https://rittmayer.de/datenschutzerklaerung,Search discovery only; snippets never authenticate an anchor. Bodies and access failures tracked separately.
P54,2026-10-08,Codex,site:waldhaus-bier.de (Photovoltaik OR Abwärme OR Wärmepumpe OR Prozesswärme OR Energiemanagement OR Speicher OR Brennofen),5,https://www.waldhaus-bier.de/newsroom/presseberichte/details/privatbrauerei-waldhaus-setzt-konsequent-auf-nachhaltigkeit/ | https://www.waldhaus-bier.de/newsroom/presseberichte/details/100-000-hl-wir-sagen-dankeschoen/ | https://www.waldhaus-bier.de/fileadmin/waldhaus-bier.de/Waldbote/Waldbote_7_Herbst.pdf | https://www.waldhaus-bier.de/en/manufactory/awards/dlg-price-of-the-best/ | https://www.waldhaus-bier.de/fileadmin/waldhaus-bier.de/Content/Bike-Marathon/Ergebnisliste_2015.pdf,Search discovery only; snippets never authenticate an anchor. Bodies and access failures tracked separately.
P55,2026-10-08,Codex,site:merschbrock.de (Photovoltaik OR Abwärme OR Wärmepumpe OR Prozesswärme OR Energiemanagement OR Speicher OR Brennofen),3,https://www.merschbrock.de/wp-linked-content/downloads/Merschbrock-Lieferantenhandbuch.pdf | https://www.merschbrock.de/en/about/ | https://www.merschbrock.de/en/services/,Search discovery only; snippets never authenticate an anchor. Bodies and access failures tracked separately.
P56,2026-10-08,Codex,site:spritzguss-mueller.de (Photovoltaik OR Abwärme OR Wärmepumpe OR Prozesswärme OR Energiemanagement OR Speicher OR Brennofen),10,https://www.spritzguss-mueller.de/en/ | https://www.spritzguss-mueller.de/en/ansprechpartner/ | https://www.spritzguss-mueller.de/en/entwicklung/ | https://www.spritzguss-mueller.de/en/firmengeschichte/ | https://www.spritzguss-mueller.de/en/werkzeugbau/ | https://www.spritzguss-mueller.de/en/elektronik/ | https://www.spritzguss-mueller.de/en/sondermaschinenbau/ | https://www.spritzguss-mueller.de/en/datenschutzerklaerung/ | https://www.spritzguss-mueller.de/en/agb/ | https://www.spritzguss-mueller.de/en/spritzguss-mit-qualitaet-made-in-germany/,Search discovery only; snippets never authenticate an anchor. Bodies and access failures tracked separately.
P57,2026-10-08,Codex,site:stocker-kunststoff.de (Photovoltaik OR Abwärme OR Wärmepumpe OR Prozesswärme OR Energiemanagement OR Speicher OR Brennofen),0,,Search discovery only; snippets never authenticate an anchor. Bodies and access failures tracked separately.
P58,2026-10-08,Codex,site:dorn-spritzguss.de (Photovoltaik OR Abwärme OR Wärmepumpe OR Prozesswärme OR Energiemanagement OR Speicher OR Brennofen),1,https://www.dorn-spritzguss.de/assets/pdf/AWM_04_2023_Hauptheft_Dorn_5.pdf,Search discovery only; snippets never authenticate an anchor. Bodies and access failures tracked separately.
P59,2026-10-08,Codex,site:ak-kunststoffspritzguss.com (Photovoltaik OR Abwärme OR Wärmepumpe OR Prozesswärme OR Energiemanagement OR Speicher OR Brennofen),5,https://ak-kunststoffspritzguss.com/ | https://ak-kunststoffspritzguss.com/home-2/ | https://ak-kunststoffspritzguss.com/production/ | https://ak-kunststoffspritzguss.com/legal-notice/ | https://ak-kunststoffspritzguss.com/latest-news/,Search discovery only; snippets never authenticate an anchor. Bodies and access failures tracked separately.
P60,2026-10-08,Codex,site:hartchrom-beck.de (Photovoltaik OR Abwärme OR Wärmepumpe OR Prozesswärme OR Energiemanagement OR Speicher OR Brennofen),0,,Search discovery only; snippets never authenticate an anchor. Bodies and access failures tracked separately.
P61,2026-10-08,Codex,site:galvanik-horstmann.de (Photovoltaik OR Abwärme OR Wärmepumpe OR Prozesswärme OR Energiemanagement OR Speicher OR Brennofen),1,https://www.galvanik-horstmann.de/wp-content/uploads/2020/11/GalvanikHorstmann.pdf,Search discovery only; snippets never authenticate an anchor. Bodies and access failures tracked separately.
P62,2026-10-08,Codex,site:galvanotechnik-kessel.de (Photovoltaik OR Abwärme OR Wärmepumpe OR Prozesswärme OR Energiemanagement OR Speicher OR Brennofen),8,https://www.galvanotechnik-kessel.de/qualitaet/energiemanagement/ | https://www.galvanotechnik-kessel.de/qualitaet/ | https://www.galvanotechnik-kessel.de/author/tim-buhse/page/2/ | https://www.galvanotechnik-kessel.de/category/allgemein/page/3/ | https://www.galvanotechnik-kessel.de/en/business/career/ | https://www.galvanotechnik-kessel.de/en/quality-environment/quality-management/ | https://www.galvanotechnik-kessel.de/en/surfaces/ | https://www.galvanotechnik-kessel.de/en/,Search discovery only; snippets never authenticate an anchor. Bodies and access failures tracked separately.
P63,2026-10-08,Codex,site:otk-galvanik.de (Photovoltaik OR Abwärme OR Wärmepumpe OR Prozesswärme OR Energiemanagement OR Speicher OR Brennofen),0,,Search discovery only; snippets never authenticate an anchor. Bodies and access failures tracked separately.
P64,2026-10-08,Codex,site:wieland-oberflaeche.de (Photovoltaik OR Abwärme OR Wärmepumpe OR Prozesswärme OR Energiemanagement OR Speicher OR Brennofen),1,https://www.wieland-oberflaeche.de/,Search discovery only; snippets never authenticate an anchor. Bodies and access failures tracked separately.
P65,2026-10-08,Codex,site:fuerstenberg-porzellan.com (Photovoltaik OR Abwärme OR Wärmepumpe OR Prozesswärme OR Energiemanagement OR Speicher OR Brennofen),12,https://www.fuerstenberg-porzellan.com/en/products/pitchers/teapot-warmer/ | https://www.fuerstenberg-porzellan.com/en/customer-service/faqs/ | https://www.fuerstenberg-porzellan.com/produkte/farben/blau/?p=2 | https://www.fuerstenberg-porzellan.com/blog/fuerstenberg-entering-the-green-era | https://www.fuerstenberg-porzellan.com/produkte/farben/blau/ | https://www.fuerstenberg-porzellan.com/en/products/cups/tea-cup/ | https://www.fuerstenberg-porzellan.com/en/manufactory/brand-sieger-by-fuerstenberg/ | https://www.fuerstenberg-porzellan.com/en/legal/privacy-policy/ | https://www.fuerstenberg-porzellan.com/en/legal/terms-and-conditions-giveaway/ | https://www.fuerstenberg-porzellan.com/en/products/pitchers/?p=1 | https://www.fuerstenberg-porzellan.com/en/products/bowls/?p=1&properties=bb2e3555fb0f48a6b69c491fced76d27 | https://www.fuerstenberg-porzellan.com/en/blog/Garden-party,Search discovery only; snippets never authenticate an anchor. Bodies and access failures tracked separately.
P66,2026-10-08,Codex,site:kpm-berlin.com (Photovoltaik OR Abwärme OR Wärmepumpe OR Prozesswärme OR Energiemanagement OR Speicher OR Brennofen),3,https://www.kpm-berlin.com/blogs/news/unsere-mitarbeiter-geben-mir-viel | https://www.kpm-berlin.com/pages/nachhaltiges-kpm-porzellan | https://www.kpm-berlin.com/blogs/news/rona-kobel-interview,Search discovery only; snippets never authenticate an anchor. Bodies and access failures tracked separately.
P67,2026-10-08,Codex,site:moeschter-group.com (Photovoltaik OR Abwärme OR Wärmepumpe OR Prozesswärme OR Energiemanagement OR Speicher OR Brennofen),16,https://www.moeschter-group.com/fileadmin/content/mediathek/zertifikate/en/Zertifikate_9001_EN/ISO-9001_ISO-14001_Site-DT_EN_until-20280518.PDF | https://www.moeschter-group.com/fileadmin/content/mediathek/broschueren-und-flyer/dotherm/DT-Kunststoffindustrie.pdf | https://www.moeschter-group.com/en/dotherm-isocos/materials/ | https://www.moeschter-group.com/en/doceram/materials/ | https://www.moeschter-group.com/en/doceram/products-solutions/non-material-specific-insulation-solutions/ | https://www.moeschter-group.com/en/doceram/materials/zm-131/ | https://www.moeschter-group.com/en/esg/ | https://www.moeschter-group.com/en/dotherm-isocos/overview/ | https://www.moeschter-group.com/en/dotherm-isocos/products-solutions/heat-insulation-board/ | https://www.moeschter-group.com/fileadmin/content/mediathek/broschueren-und-flyer/doceram/doceram_en/Neu/19100300145_GBH_ModulMaster_EN.pdf | https://www.moeschter-group.com/fileadmin/content/mediathek/broschueren-und-flyer/doceram/doceram_en/Neu/ModulMaster_12-Seiter_2022-EN_MAIL.pdf | https://www.moeschter-group.com/en/doceram/applications/picking/ | https://www.moeschter-group.com/en/dotherm-isocos/materials/dotex/ | https://www.moeschter-group.com/en/dotherm-isocos/products-solutions/ | https://www.moeschter-group.com/en/doceram/products-solutions/flow-measurement/ | https://www.moeschter-group.com/en/doceram/materials/volcera/,Search discovery only; snippets never authenticate an anchor. Bodies and access failures tracked separately.
P68,2026-10-08,Codex,site:technoker.de (Photovoltaik OR Abwärme OR Wärmepumpe OR Prozesswärme OR Energiemanagement OR Speicher OR Brennofen),4,https://technoker.de/ueberuns | https://technoker.de/about-us | https://technoker.de/en/ | https://technoker.de/en/dienstleistungen,Search discovery only; snippets never authenticate an anchor. Bodies and access failures tracked separately.
P70,2026-10-08,Codex,site:ceram-gmbh.de (Photovoltaik OR Abwärme OR Wärmepumpe OR Prozesswärme OR Energiemanagement OR Speicher OR Brennofen),3,https://www.ceram-gmbh.de/en/products/ | https://www.ceram-gmbh.de/en/home/ | https://www.ceram-gmbh.de/home/,Search discovery only; snippets never authenticate an anchor. Bodies and access failures tracked separately.
P71,2026-10-08,Codex,site:floetzinger.de (Photovoltaik OR Abwärme OR Wärmepumpe OR Prozesswärme OR Energiemanagement OR Speicher OR Brennofen),0,,Search discovery only; snippets never authenticate an anchor. Bodies and access failures tracked separately.
P72,2026-10-08,Codex,site:hb-ts.de (Photovoltaik OR Abwärme OR Wärmepumpe OR Prozesswärme OR Energiemanagement OR Speicher OR Brennofen),10,https://www.hb-ts.de/en/about-us/what-drives-us/ | https://www.hb-ts.de/en/about-us/our-brewery-family/ | https://www.hb-ts.de/en/brewery-tour/ | https://www.hb-ts.de/en/our-home/ | https://www.hb-ts.de/en/downloads/ | https://www.hb-ts.de/en/12952-2/ | https://www.hb-ts.de/en/imprint/ | https://www.hb-ts.de/en/wirte-und-haendler-finden/ | https://www.hb-ts.de/en/discover-our-beer/brewing-process/ | https://www.hb-ts.de/en/history/,Search discovery only; snippets never authenticate an anchor. Bodies and access failures tracked separately.
P73,2026-10-08,Codex,site:brauerei-kundmueller.de (Photovoltaik OR Abwärme OR Wärmepumpe OR Prozesswärme OR Energiemanagement OR Speicher OR Brennofen),3,https://www.brauerei-kundmueller.de/assets/node/c5wn3kbqyd7qz/weihererbier_hausprospekt-2020.pdf | https://www.brauerei-kundmueller.de/weiherer-bier/chronik | https://www.brauerei-kundmueller.de/assets/node/vv49lvhqx8ppc/brauerei-kundmueller_jubilaeumsbroschuere_A4_17.0_WEB.pdf,Search discovery only; snippets never authenticate an anchor. Bodies and access failures tracked separately.
P74,2026-10-08,Codex,site:maisel.com (Photovoltaik OR Abwärme OR Wärmepumpe OR Prozesswärme OR Energiemanagement OR Speicher OR Brennofen),6,https://www.maisel.com/presse-neuigkeiten/gesamtenergiekonzept-fuer-die-brauerei-gebr-maisel/ | https://www.maisel.com/familie-maisel/qualitaet/ | https://www.maisel.com/en/maisels-weisse/maisels-weisse-original/ | https://www.maisel.com/en/maisels-weisse/maisels-weisse-leicht/ | https://www.maisel.com/en/maisels-weisse/maisels-weisse-alkoholfrei/ | https://www.maisel.com/en/the-maisel-family/tradition-of-brewing/,Search discovery only; snippets never authenticate an anchor. Bodies and access failures tracked separately.
P75,2026-10-08,Codex,site:jb-falter.de (Photovoltaik OR Abwärme OR Wärmepumpe OR Prozesswärme OR Energiemanagement OR Speicher OR Brennofen),0,,Search discovery only; snippets never authenticate an anchor. Bodies and access failures tracked separately.
P76,2026-10-08,Codex,site:si-tech-gmbh.com (Photovoltaik OR Abwärme OR Wärmepumpe OR Prozesswärme OR Energiemanagement OR Speicher OR Brennofen),0,,Search discovery only; snippets never authenticate an anchor. Bodies and access failures tracked separately.
P77,2026-10-08,Codex,site:metak.de (Photovoltaik OR Abwärme OR Wärmepumpe OR Prozesswärme OR Energiemanagement OR Speicher OR Brennofen),4,https://www.metak.de/unternehmensmeldung/energiemanagement | https://www.metak.de/unternehmensmeldung/energieeinsparung | https://www.metak.de/ | https://www.metak.de/fileadmin/Kundenbereich/PDF/metak_broschuere_deutsch.pdf,Search discovery only; snippets never authenticate an anchor. Bodies and access failures tracked separately.
P78,2026-10-08,Codex,site:erlemann-huckenbeck.de (Photovoltaik OR Abwärme OR Wärmepumpe OR Prozesswärme OR Energiemanagement OR Speicher OR Brennofen),1,https://erlemann-huckenbeck.de/wp-content/uploads/2024/06/GAMM_Catalogo-generale_2023.pdf,Search discovery only; snippets never authenticate an anchor. Bodies and access failures tracked separately.
P79,2026-10-08,Codex,site:langer-group.de (Photovoltaik OR Abwärme OR Wärmepumpe OR Prozesswärme OR Energiemanagement OR Speicher OR Brennofen),5,https://www.langer-group.de/Maschinenkomponenten | https://www.langer-group.de/Wasserstoffautos | https://www.langer-group.de/Nachhaltigkeit-Leitbild | https://www.langer-group.de/Elektroautos | https://www.langer-group.de/data/media/45/DNK_2021_Langer-GmbH---Co.KG_Deutsch-8157.pdf,Search discovery only; snippets never authenticate an anchor. Bodies and access failures tracked separately.
P80,2026-10-08,Codex,site:mkt-gmbh.org (Photovoltaik OR Abwärme OR Wärmepumpe OR Prozesswärme OR Energiemanagement OR Speicher OR Brennofen),0,,Search discovery only; snippets never authenticate an anchor. Bodies and access failures tracked separately.
P81,2026-10-08,Codex,site:ceranod.de (Photovoltaik OR Abwärme OR Wärmepumpe OR Prozesswärme OR Energiemanagement OR Speicher OR Brennofen),12,https://ceranod.de/en/industries/ | https://ceranod.de/en/treatments/hybrid-coatings/ | https://ceranod.de/en/customer-values/complex-parts/ | https://ceranod.de/en/industries/mechanical-engineering-special-machinery/ | https://ceranod.de/en/gtc/ | https://ceranod.de/en/privacy-policy/ | https://ceranod.de/en/pfas-free-functional-surface-technology-for-tribological-applications/ | https://ceranod.de/en/news/lectures-publications/ | https://ceranod.de/en/treatments/plasma-ceramics/ | https://ceranod.de/en/ | https://ceranod.de/wp-content/uploads/2019/05/surface-and-coatings-technology-ceranod.pdf | https://ceranod.de/en/customer-values/wear-resistant/,Search discovery only; snippets never authenticate an anchor. Bodies and access failures tracked separately.
P82,2026-10-08,Codex,site:galvanotec-hagen.de (Photovoltaik OR Abwärme OR Wärmepumpe OR Prozesswärme OR Energiemanagement OR Speicher OR Brennofen),0,,Search discovery only; snippets never authenticate an anchor. Bodies and access failures tracked separately.
P83,2026-10-08,Codex,site:galvanotec.de (Photovoltaik OR Abwärme OR Wärmepumpe OR Prozesswärme OR Energiemanagement OR Speicher OR Brennofen),0,,Search discovery only; snippets never authenticate an anchor. Bodies and access failures tracked separately.
P84,2026-10-08,Codex,site:sa-oberflaechen.de (Photovoltaik OR Abwärme OR Wärmepumpe OR Prozesswärme OR Energiemanagement OR Speicher OR Brennofen),0,,Search discovery only; snippets never authenticate an anchor. Bodies and access failures tracked separately.
P85,2026-10-08,Codex,site:galvanotechnic.de (Photovoltaik OR Abwärme OR Wärmepumpe OR Prozesswärme OR Energiemanagement OR Speicher OR Brennofen),0,,Search discovery only; snippets never authenticate an anchor. Bodies and access failures tracked separately.
P86,2026-10-08,Codex,site:gts-keramik.de (Photovoltaik OR Abwärme OR Wärmepumpe OR Prozesswärme OR Energiemanagement OR Speicher OR Brennofen),15,https://gts-keramik.de/en/sectors/solar-and-battery-industry/ | https://gts-keramik.de/en/ | https://gts-keramik.de/en/sectors/ | https://gts-keramik.de/en/infos-en/ | https://gts-keramik.de/en/about-us/ | https://gts-keramik.de/es/politica-de-privacidad/ | https://gts-keramik.de/wp-content/uploads/2022/10/Thermal-shock-resistance-of-ceramics-in-general.pdf | https://gts-keramik.de/en/contact/ | https://gts-keramik.de/en/product-category/glazed-quartz-crucibles-a3-glazed/ | https://gts-keramik.de/wp-content/uploads/2022/10/Mechanical-destruction-due-to-thermal-expansion.pdf | https://gts-keramik.de/en/product-category/quartz-with-silicon-nitride-q95f/ | https://gts-keramik.de/fr/conditions-generales-de-vente/ | https://gts-keramik.de/en/product-category/aluminum-titanate-porous-tialit-g/page/2/ | https://gts-keramik.de/en/product-category/alumina-dense-al99-g/page/2/ | https://gts-keramik.de/wp-content/uploads/2022/10/Thermal-shock-due-to-glazing.pdf,Search discovery only; snippets never authenticate an anchor. Bodies and access failures tracked separately.
P87,2026-10-08,Codex,site:ceramany.com (Photovoltaik OR Abwärme OR Wärmepumpe OR Prozesswärme OR Energiemanagement OR Speicher OR Brennofen),5,https://ceramany.com/en/competencies/ | https://ceramany.com/en/products/ | https://ceramany.com/en/industries/ | https://ceramany.com/en/applications/ | https://ceramany.com/en/kontakt/,Search discovery only; snippets never authenticate an anchor. Bodies and access failures tracked separately.
P88,2026-10-08,Codex,site:ceramaret.com (Photovoltaik OR Abwärme OR Wärmepumpe OR Prozesswärme OR Energiemanagement OR Speicher OR Brennofen),14,https://ceramaret.com/en/technologies/quality-control | https://ceramaret.com/en/our-company/our-expertise | https://ceramaret.com/en/applications | https://ceramaret.com/docs/default-source/conditions-g%C3%A9n%C3%A9rale-ceramaret/doc126-processus-hse---recommendations-regarding-the-use-end-of-life-treatment-and-final-disposal-of-our-products-%28id-260723%29.pdf?sfvrsn=8747fe05_4 | https://ceramaret.com/en/our-company | https://ceramaret.com/en/contact | https://ceramaret.com/docs/default-source/politique-de-confidentialit%C3%A9/2019_08_data-privacy-guideline_ceramaret-sa.pdf?sfvrsn=acc0f805_2 | https://ceramaret.com/docs/default-source/docs/en/ceramaret-components-for-fluid-handling-applications.pdf?sfvrsn=eb9e105_2 | https://ceramaret.com/en/advanced-ceramic-materials/ceramic-materials | https://ceramaret.com/docs/default-source/politique-de-confidentialit%C3%A9/2019_08_terms-of-use-and-disclaimer_ceramaret-sa.pdf?sfvrsn=abc0f805_2 | https://ceramaret.com/en/technologies/shaping-and-sintering | https://ceramaret.com/en/homepage | https://ceramaret.com/en/advanced-ceramic-materials/the-advantages-of-advanced-ceramics | https://ceramaret.com/en/advanced-ceramic-materials/ceramic-materials/ceramaret-blog/2024/10/24/ceramaret-manufacturer-of-high-precision-parts-in-technical-ceramics-tailored-for-analytical-and-metering-applications,Search discovery only; snippets never authenticate an anchor. Bodies and access failures tracked separately.
P89,2026-10-08,Codex,site:tkf-froemgen.de (Photovoltaik OR Abwärme OR Wärmepumpe OR Prozesswärme OR Energiemanagement OR Speicher OR Brennofen),2,https://www.tkf-froemgen.de/en/ceramic-materials.html?file=tl_files%2FDownloads%2FMaterial-Properties.pdf | https://www.tkf-froemgen.de/de/keramische-werkstoffe.html?file=tl_files%2FDownloads%2FWerkstoffeigenschaften.pdf,Search discovery only; snippets never authenticate an anchor. Bodies and access failures tracked separately.
P90,2026-10-08,Codex,site:innokeramik.de (Photovoltaik OR Abwärme OR Wärmepumpe OR Prozesswärme OR Energiemanagement OR Speicher OR Brennofen),0,,Search discovery only; snippets never authenticate an anchor. Bodies and access failures tracked separately.
P91,2026-10-08,Codex,site:riegele.de (Photovoltaik OR Abwärme OR Wärmepumpe OR Prozesswärme OR Energiemanagement OR Speicher OR Brennofen),4,https://www.riegele.de/wp-content/uploads/2024/01/Umwelterklaerung_2025_Brauhaus-Riegele.pdf | https://www.riegele.de/wp-content/uploads/2024/01/Umwelterklaerung_2023_Brauhaus-Riegele.pdf | https://www.riegele.de/brauereifuehrung-technik/ | https://www.riegele.de/wp-content/uploads/2023/11/Riegele-Traditionsbiere_Bierbeschreibung_englisch.pdf,Search discovery only; snippets never authenticate an anchor. Bodies and access failures tracked separately.
P92,2026-10-08,Codex,site:kettererbier.de (Photovoltaik OR Abwärme OR Wärmepumpe OR Prozesswärme OR Energiemanagement OR Speicher OR Brennofen),1,https://www.kettererbier.de/netterer-welt/umweltschutz,Search discovery only; snippets never authenticate an anchor. Bodies and access failures tracked separately.
P93,2026-10-08,Codex,site:brauerei-schimpfle.de (Photovoltaik OR Abwärme OR Wärmepumpe OR Prozesswärme OR Energiemanagement OR Speicher OR Brennofen),0,,Search discovery only; snippets never authenticate an anchor. Bodies and access failures tracked separately.
P94,2026-10-08,Codex,site:kuchlbauer.de (Photovoltaik OR Abwärme OR Wärmepumpe OR Prozesswärme OR Energiemanagement OR Speicher OR Brennofen),4,https://kuchlbauer.de/bier-und-kunst/logistikzentrum/ | https://kuchlbauer.de/en/visitor-information-2/ | https://kuchlbauer.de/en/event-enjoyment/our-beer-garden/ | https://kuchlbauer.de/en/event-enjoyment/kuchlbauers-easter-market/,Search discovery only; snippets never authenticate an anchor. Bodies and access failures tracked separately.
P95,2026-10-08,Codex,site:winkler-braeu.de (Photovoltaik OR Abwärme OR Wärmepumpe OR Prozesswärme OR Energiemanagement OR Speicher OR Brennofen),15,https://www.winkler-braeu.de/en/wellness | https://www.winkler-braeu.de/en/conferences | https://www.winkler-braeu.de/en/bavaria | https://www.winkler-braeu.de/en?cHash=eb5c9f50337de09f03501d8e8cd95bce&gad=1 | https://www.winkler-braeu.de/en?cHash=cad5e3933393e483bcc4fd02640ef0a1&shem=rimspwouoe%2C | https://www.winkler-braeu.de/en?amp=&cHash=1e78050519a9013c5083d3cebce53ab6 | https://www.winkler-braeu.de/en?cHash=f1efea9fbf5a043a9ca62be754c8f4ca&sa=X&ved=2ahUKEwj5g6vr9ZKBAxVFqmQKHbo2CvAQyK4DegUIAxCLAQ | https://www.winkler-braeu.de/en?a=assign_resume_tpl&cHash=2e152b82786d1b06f81da8fb6bafa210&m=home | https://www.winkler-braeu.de/en?cHash=42f617663d2eec961f44f2b19ddaf910&ved=2ahUKEwj8t_-17NCOAxVTVvEDHVCBOjEQgU96BAghEAQ | https://www.winkler-braeu.de/en?amp=&cHash=4e4b736816f5db671874225157c75832&ved=2ahUKEwizveSzqu-RAxV8SfEDHWijGtMQgU96BAgnEAQ | https://www.winkler-braeu.de/en?cHash=72cad7e461a1e1e1aa2b1e43b5ed2716&chash=eb5c9f50337de09f03501d8e8cd95bce&gad=1 | https://www.winkler-braeu.de/en?amp=&cHash=5aca4ff6a600b84c39494590a761f7c2&ved=2ahUKEwiul_7Kk_eTAxVjAnUBHb4cMG4QgU96BAhAEAQ | https://www.winkler-braeu.de/fileadmin/files/_Upload/Speisekarte_Englisch17.12.2021_NEU.pdf | https://www.winkler-braeu.de/fileadmin/files/_Upload/Speisekarte_Englisch_20230408.pdf | https://www.winkler-braeu.de/fileadmin/files/_Upload/Speisekarte_Englisch_27122022.docx.pdf,Search discovery only; snippets never authenticate an anchor. Bodies and access failures tracked separately.
P96,2026-10-08,Codex,site:peka-spritzguss.de (Photovoltaik OR Abwärme OR Wärmepumpe OR Prozesswärme OR Energiemanagement OR Speicher OR Brennofen),0,,Search discovery only; snippets never authenticate an anchor. Bodies and access failures tracked separately.
P97,2026-10-08,Codex,site:peco-germany.com (Photovoltaik OR Abwärme OR Wärmepumpe OR Prozesswärme OR Energiemanagement OR Speicher OR Brennofen),11,https://www.peco-germany.com/en/products/ | https://www.peco-germany.com/en/services/assembly/ | https://www.peco-germany.com/wp-content/uploads/2026/03/RoHS_EN_02-26.pdf | https://www.peco-germany.com/wp-content/uploads/2026/03/REACH_EN_02-26.pdf | https://www.peco-germany.com/en/ | https://www.peco-germany.com/wp-content/uploads/2025/11/REACH_EN.pdf | https://www.peco-germany.com/en/services/ | https://www.peco-germany.com/en/artikel/peco-polymont-stellfuss-5/ | https://www.peco-germany.com/en/services/logistics/ | https://www.peco-germany.com/en/imprint/ | https://www.peco-germany.com/en/product/peco-polymet-handwheel-din-388-v-with-square-socket/,Search discovery only; snippets never authenticate an anchor. Bodies and access failures tracked separately.
P98,2026-10-08,Codex,site:frank-formenbau-spritzguss.de (Photovoltaik OR Abwärme OR Wärmepumpe OR Prozesswärme OR Energiemanagement OR Speicher OR Brennofen),0,,Search discovery only; snippets never authenticate an anchor. Bodies and access failures tracked separately.
P99,2026-10-08,Codex,site:kt-breitungen.de (Photovoltaik OR Abwärme OR Wärmepumpe OR Prozesswärme OR Energiemanagement OR Speicher OR Brennofen),0,,Search discovery only; snippets never authenticate an anchor. Bodies and access failures tracked separately.
P100,2026-10-08,Codex,site:klaeger.de (Photovoltaik OR Abwärme OR Wärmepumpe OR Prozesswärme OR Energiemanagement OR Speicher OR Brennofen),13,https://klaeger.de/de/unternehmen/nachhaltikgeit/ | https://klaeger.de/ | https://klaeger.de/de/index/?lang=de | https://klaeger.de/de/index/ | https://klaeger.de/contact/ | https://klaeger.de/de/simomix-electrically-conductive-high-performance-ceramic/ | https://klaeger.de/en/products-and-service/hybrid-solutions/assembly/ | https://klaeger.de/en/products-and-service/ceramic/technical-ceramic/future-material/ | https://klaeger.de/products-and-service/powerful-solutio/ | https://klaeger.de/company/jobs-career/ | https://klaeger.de/en/products-and-service/ceramic/ceramic-processing/ | https://klaeger.de/products-and-service/ceramic/ceramic-injection-moulding/ | https://klaeger.de/wp-content/uploads/Klaeger_Maschinenpark_2019_04_en.pdf,Search discovery only; snippets never authenticate an anchor. Bodies and access failures tracked separately.
P101,2026-10-08,Codex,site:metoba.de (Photovoltaik OR Abwärme OR Wärmepumpe OR Prozesswärme OR Energiemanagement OR Speicher OR Brennofen),11,https://www.metoba.de/wp-content/uploads/2025/12/Datasheet-Finishing_-Rev-09_2025_EN.pdf | https://www.metoba.de/en/company/ | https://www.metoba.de/wp-content/uploads/2020/11/Datenblatt-Veredelung_englisch1_Stand-08.05.2019.pdf | https://www.metoba.de/wp-content/uploads/2024/04/Datasheet-Finishing_-Rev-08_2022_EN.pdf | https://www.metoba.de/en/blog/leistung/greasing-and-oiling/ | https://www.metoba.de/en/imprint/ | https://www.metoba.de/en/blog/leistung/blackening-of-stainless-steel/ | https://www.metoba.de/en/blog/leistung/pickling-of-non-ferrous-metals/ | https://www.metoba.de/en/blog/leistung/sealings/ | https://www.metoba.de/en/blog/leistung/chromating-and-cr-free-treatment-of-aluminium/ | https://www.metoba.de/en/blog/leistung/aqueous-degreasing/,Search discovery only; snippets never authenticate an anchor. Bodies and access failures tracked separately.
P102,2026-10-08,Codex,site:rudolf-clauss.de (Photovoltaik OR Abwärme OR Wärmepumpe OR Prozesswärme OR Energiemanagement OR Speicher OR Brennofen),7,https://www.rudolf-clauss.de/en/ | https://www.rudolf-clauss.de/en/ex-crane-hooks/ | https://www.rudolf-clauss.de/en/industries/ | https://www.rudolf-clauss.de/en/metal-finishing/phosphating/ | https://www.rudolf-clauss.de/en/company/service | https://www.rudolf-clauss.de/en/metal-finishing/zinc-plating/ | https://www.rudolf-clauss.de/en/protecting-the-environment,Search discovery only; snippets never authenticate an anchor. Bodies and access failures tracked separately.
P103,2026-10-08,Codex,site:wigl-gmbh.de (Photovoltaik OR Abwärme OR Wärmepumpe OR Prozesswärme OR Energiemanagement OR Speicher OR Brennofen),0,,Search discovery only; snippets never authenticate an anchor. Bodies and access failures tracked separately.
P104,2026-10-08,Codex,site:holder-oft.de (Photovoltaik OR Abwärme OR Wärmepumpe OR Prozesswärme OR Energiemanagement OR Speicher OR Brennofen),17,https://holder-oft.de/kompetenzzentrum/zertifikate/ | https://holder-oft.de/glossar/blockheizkraftwerk/ | https://holder-oft.de/glossary/konvektionstrockner/ | https://holder-oft.de/kontakt/contact-persons/ | https://holder-oft.de/glossary/lagerschutz/ | https://holder-oft.de/glossary/fuegen/ | https://holder-oft.de/glossary/werkstoffpruefung/ | https://holder-oft.de/glossary/nassverfahren/ | https://holder-oft.de/surface-treatments/chemical-processes/electroless-nickel/?lang=en | https://holder-oft.de/company/quality-and-environment/?lang=en | https://holder-oft.de/glossary/werkstoffkennwerte/ | https://holder-oft.de/glossary/werkstoffversagen-schadensanalyse/ | https://holder-oft.de/wp-content/uploads/Holder_Flyer-EN_Electroless_nickel.pdf | https://holder-oft.de/wp-content/uploads/Holder_Flyer-EN_Zinc-iron.pdf | https://holder-oft.de/wp-content/uploads/Holder_2019-01-14-Information-obligation-according-to_art_13_u_14_GDPR0 | https://holder-oft.de/wp-content/uploads/Holder_AGB-Lohngalvanik-20150301-eF_ENG.pdf | https://holder-oft.de/wp-content/uploads/Holder_Flyer-EN_Zinc.pdf,Search discovery only; snippets never authenticate an anchor. Bodies and access failures tracked separately.
P105,2026-10-08,Codex,site:dresdnersilber.de (Photovoltaik OR Abwärme OR Wärmepumpe OR Prozesswärme OR Energiemanagement OR Speicher OR Brennofen),1,https://www.dresdnersilber.de/en/galvanic-surface-refinement,Search discovery only; snippets never authenticate an anchor. Bodies and access failures tracked separately.
P106,2026-10-08,Codex,site:fv-technische-keramik.de (Photovoltaik OR Abwärme OR Wärmepumpe OR Prozesswärme OR Energiemanagement OR Speicher OR Brennofen),4,https://www.fv-technische-keramik.de/en/technical-ceramics/why-ceramics/ | https://www.fv-technische-keramik.de/en/technical-ceramics/materials-groups/zirconia/ | https://www.fv-technische-keramik.de/en/technical-ceramics/materials-groups/ | https://www.fv-technische-keramik.de/en/technical-ceramics/materials-groups/mixed-ceramics/,Search discovery only; snippets never authenticate an anchor. Bodies and access failures tracked separately.
P107,2026-10-08,Codex,site:dibbern.de (Photovoltaik OR Abwärme OR Wärmepumpe OR Prozesswärme OR Energiemanagement OR Speicher OR Brennofen),14,https://www.dibbern.de/out/media/FBC-Catalogue_2024-low.pdf | https://www.dibbern.de/kollektionen-serien/fine-bone-china/ | https://www.dibbern.de/en/pflegehinweise/ | https://www.dibbern.de/en/about-dibbern/sustainability/ | https://www.dibbern.de/en/gtc/ | https://www.dibbern.de/en/collections-series/fine-bone-china/ | https://www.dibbern.de/en/collections-series/ | https://www.dibbern.de/out/media/DIBBERN_SC-Brochure_2025.pdf | https://www.dibbern.de/en/one-color-plate-bowl-powder-pink-24cm-0-5l.html?force_sid=dec39d9904b2d28c117107f9afed7e3f | https://www.dibbern.de/en/one-color-mug-morning-blue-0-3l.html | https://www.dibbern.de/en/about-dibbern/collection/moon/ | https://www.dibbern.de/en/dessert-plate-morning-blue-23cm.html | https://www.dibbern.de/en/one-color-dessert-plate-powder-pink-23cm.html?force_sid=dec39d9904b2d28c117107f9afed7e3f | https://www.dibbern.de/en/order/,Search discovery only; snippets never authenticate an anchor. Bodies and access failures tracked separately.
P108,2026-10-08,Codex,site:reichenbach-porzellan.de (Photovoltaik OR Abwärme OR Wärmepumpe OR Prozesswärme OR Energiemanagement OR Speicher OR Brennofen),2,https://reichenbach-porzellan.de/portfolio/brennen/ | https://reichenbach-porzellan.de/en/why-a-cup-sometimes-needs-over-100-hands/,Search discovery only; snippets never authenticate an anchor. Bodies and access failures tracked separately.
P109,2026-10-08,Codex,site:nymphenburg.com (Photovoltaik OR Abwärme OR Wärmepumpe OR Prozesswärme OR Energiemanagement OR Speicher OR Brennofen),4,https://www.nymphenburg.com/products/10000636 | https://www.nymphenburg.com/products/bavaria-auf-sockel-201-1-30-cm-glasiert-und-elfenbeinfarbig-gebrannt | https://www.nymphenburg.com/en/pages/pflegeleicht | https://www.nymphenburg.com/en/pages/agb,Search discovery only; snippets never authenticate an anchor. Bodies and access failures tracked separately.
P110,2026-10-08,Codex,site:eschenbachporzellan.de (Photovoltaik OR Abwärme OR Wärmepumpe OR Prozesswärme OR Energiemanagement OR Speicher OR Brennofen),7,https://eschenbachporzellan.de/fileadmin/user_upload/kataloge/Gesamtkataloge/Prospekt_werbeporzellan_Brand_your_Eschenbach.pdf | https://eschenbachporzellan.de/fileadmin/user_upload/business/Prospekt_Gesamtkatalog_Hotel_2014-3.pdf | https://eschenbachporzellan.de/produkte/werbeporzellan/becherkollektionen | https://eschenbachporzellan.de/produkte/werbeporzellan/ergaenzungssortiment | https://eschenbachporzellan.de/en/products/promotional-porcelain/office-porcelain | https://eschenbachporzellan.de/en/products/cook-serve | https://eschenbachporzellan.de/fileadmin/user_upload/cook-and-serve/C_S_Kurzanleitung_D_EN_49240000GA_2022.pdf,Search discovery only; snippets never authenticate an anchor. Bodies and access failures tracked separately.
