attempt_id,company_id,source_url,checked_at,http_status,final_url,content_kind,content_sha256,retrieval_error,content_review_status,selected_source_id
DRS-00f7ab986e05b0cdd21d,P10,https://www.oskar-lehmann.de/files/ol/news/Reportage%20im%20Magazin.pdf,2026-10-08T11:52:40+00:00,200,https://www.oskar-lehmann.de/files/ol/news/Reportage%20im%20Magazin.pdf,PDF,11fb58725810777aa81c34ca11d229a9d2e14db9715102b6cdf3fe1d70f5bc5c,,SCREENED_NOT_SELECTED,
DRS-02266cfde4790721aa82,P100,https://klaeger.de/wp-content/uploads/Prozessbeschreibung-Keramikspritzguss.pdf,2026-10-08T11:53:26+00:00,200,https://klaeger.de/wp-content/uploads/Prozessbeschreibung-Keramikspritzguss.pdf,PDF,a56385c7276555355331a3e2b6475409cef3d8f9ac2db2ce0453b1b5fca9e0d9,,RECHECKED,S-P100-05
DRS-02e7d7651fd0615c5dce,P04,https://www.lammsbraeu.de/hubfs/NeumarkterLammsbraeu/blog/images/2022/2022%20-%20Blog%20-%20Zertifizierungen/Zert._2022-06-02_Re-ZA%2014k_Neumarkter%20Lammsbr%C3%A4u.pdf,2026-10-08T11:52:31+00:00,200,https://www.lammsbraeu.de/hubfs/NeumarkterLammsbraeu/blog/images/2022/2022%20-%20Blog%20-%20Zertifizierungen/Zert._2022-06-02_Re-ZA%2014k_Neumarkter%20Lammsbr%C3%A4u.pdf,PDF,cd30965f62a1b1dc52b3e93312b5c151b14d3f53579023245dd73408f5619134,,SCREENED_NOT_SELECTED,
DRS-0342a05523d75327b720,P25,https://scheplast.de/,2026-10-08T11:52:49+00:00,200,https://scheplast.de/,HTML,8635f0e7cfbef6e5995e39c7c7f6725b81b768bea53fd229c35a702e3add193d,,SCREENED_NOT_SELECTED,
DRS-04028964b75bfaf91e12,P25,https://scheplast.de/wp-content/uploads/2021/02/Scheplast-Zertifikat-ISO-14001_2015-g%C3%BCltig-bis-2024.pdf,2026-10-08T11:52:55+00:00,200,https://scheplast.de/wp-content/uploads/2021/02/Scheplast-Zertifikat-ISO-14001_2015-g%C3%BCltig-bis-2024.pdf,PDF,cd0574a3694c20d84a61bbfb2afae8019d0341ae9d97260398ab203ef45723c1,,SCREENED_NOT_SELECTED,
DRS-04439f4c6a2c66473660,P109,https://www.nymphenburg.com/pages/impressum,2026-10-08T11:54:07+00:00,200,https://www.nymphenburg.com/pages/impressum,HTML,e6defe8a6b65d652322dd686da0c669f21bbd594b83e14b99f6ca50231534ce4,,SCREENED_NOT_SELECTED,
DRS-07936bb7da6dba3ab316,P05,https://www.einbecker-brauhaus.de/aktionaere/berichte,2026-10-08T11:52:31+00:00,,,,,<urlopen error timed out>,FAILED,
DRS-0d6afacb2c8dcdda8891,P78,https://www.industriebox.de/2023/04/18/hochwertige-kunststoffteile-von-erlemann-huckenbeck/,2026-10-08T11:53:16+00:00,200,https://www.industriebox.de/2023/04/18/hochwertige-kunststoffteile-von-erlemann-huckenbeck/,HTML,fa9a1a4b50b97acd46f386ef1aa757fdf347dd44482ae7d1c507c0ad82ad572f,,RECHECKED,S-P78-03
DRS-0edaccb9f0fa83c47747,P34,https://www.kts-schmoelln.de/leistungen/,2026-10-08T11:53:38+00:00,200,https://www.kts-schmoelln.de/leistungen/,HTML,9dca74fe85dbcf30b46c20871807a5af2d626b1601e4a2d98eb235249302ab8a,,SCREENED_NOT_SELECTED,
DRS-0f99cc88342e21e96299,P10,https://blomberg-erleben.de/pilotprojekt-von-oskar-lehmann-war-ein-voller-erfolg/,2026-10-08T11:52:40+00:00,200,https://blomberg-erleben.de/pilotprojekt-von-oskar-lehmann-war-ein-voller-erfolg/,HTML,1af888283fda1c9702635329de41745e8bc6496400a4b9728585a759f95f0606,,SCREENED_NOT_SELECTED,
DRS-12f43ae8f0f7d9d5b8b9,P47,https://www.hofmann-ceramic.de/wp-content/uploads/2024/08/Katalog_tK_deutsch_06-2024.pdf,2026-10-08T11:54:00+00:00,,,,,<urlopen error timed out>,FAILED,
DRS-16638ff068c2ef598dfd,P104,https://holder-oft.de/wp-content/uploads/Zertifikat-ISO-500012018-2025.pdf,2026-10-08T11:53:54+00:00,200,https://holder-oft.de/wp-content/uploads/Zertifikat-ISO-500012018-2025.pdf,PDF,84b233bcfcb974f0d9b97337adf4396c960627c92b3bee1bf6417161e36c5de2,,SCREENED_NOT_SELECTED,
DRS-16c2abaec5e8d291042e,P12,https://www.richard-henkel.de/oberfl%C3%A4chentechnik.html,2026-10-08T11:52:46+00:00,200,https://www.richard-henkel.de/oberfl%C3%A4chentechnik.html,HTML,b0e740981071eab104634ae4ab0e7a7c9cabdc11b871548d031160d07fa8ded5,,SCREENED_NOT_SELECTED,
DRS-1a5b4018bae60cc4e179,P76,https://si-tech-gmbh.com/unternehmen/historie,2026-10-08T11:53:23+00:00,,,,,<urlopen error timed out>,FAILED,
DRS-1aeedc499cd6c54eb660,P109,https://www.nymphenburg.com/pages/wasserkraft,2026-10-08T11:53:31+00:00,200,https://www.nymphenburg.com/pages/wasserkraft,HTML,ebb9ca936686b1df57dcdb95fe3fdd89e341198abbe59e21e041f731471bd5bd,,SCREENED_NOT_SELECTED,
DRS-1dc13217c061463b898d,P05,https://www.einbecker-brauhaus.de/files/einbecker_gruppe/content/leitbild-und-werte/nachhaltigkeit/umwelterklaerung-ebag-2025.pdf,2026-10-08T11:52:42+00:00,200,https://www.einbecker-brauhaus.de/files/einbecker_gruppe/content/leitbild-und-werte/nachhaltigkeit/umwelterklaerung-ebag-2025.pdf,PDF,21fc0f9176bb687fca2ac38d71e294b65d363005177cd48bea04890491216782,,RECHECKED,S-P05-04
DRS-1e874099a5d0264fe450,P29,https://www.meckatzer.de/impressum/,2026-10-08T11:52:55+00:00,200,https://www.meckatzer.de/impressum/,HTML,ff67bdcb95a1ec21d8e62488183d46141ca81553072440ca5dc3acdc362c2dfc,,SCREENED_NOT_SELECTED,
DRS-1fc48667e05bb6f0a35f,P104,https://holder-oft.de/wp-content/uploads/Zertifikat-ISO-140012015-2025.pdf,2026-10-08T11:53:54+00:00,200,https://holder-oft.de/wp-content/uploads/Zertifikat-ISO-140012015-2025.pdf,PDF,0d648bd5da920e3b6f7fd657e1ba92204230d4e60ebe258524bfdc7eeba1ccbd,,SCREENED_NOT_SELECTED,
DRS-21caa56c4050584b956e,P104,https://holder-oft.de/kompetenzzentrum/zertifikate/,2026-10-08T11:53:41+00:00,,,,,<urlopen error timed out>,FAILED,
DRS-22d9bd9f837e51d67a85,P07,https://varioplast.de/de/unternehmen/nachhaltigkeit,2026-10-08T11:53:32+00:00,200,https://varioplast.de/de/unternehmen/nachhaltigkeit,HTML,cbefd4365f65ec9f9a4c6ef954ded76f7083d89c40084bad78d18c7211279917,,SCREENED_NOT_SELECTED,
DRS-268ddd86d456ba973b6b,P47,https://www.hofmann-ceramic.de/,2026-10-08T11:53:00+00:00,200,https://www.hofmann-ceramic.de/,HTML,51a8a914f84c086602bd5e8c4fca9cab31bc00585c080d1f93487423d595ca3e,,SCREENED_NOT_SELECTED,
DRS-2a2ce4159fa1cc4ae8b7,P47,https://ifglgroup.com/company/our-journey/,2026-10-08T11:53:59+00:00,,,,,<urlopen error timed out>,FAILED,
DRS-2d3da5894b2bc0780e5d,P46,https://www.cerasystem.de/wp-content/uploads/2023/11/Broschuere_deutsch.pdf,2026-10-08T11:56:10+00:00,0,https://cerasystem.de/wp-content/uploads/2023/11/Broschuere_deutsch.pdf,,,curl: (28) Proxy CONNECT aborted due to timeout,FAILED,
DRS-2de36554b3f6095ef91d,P34,https://www.kts-schmoelln.de/prozesskette/,2026-10-08T11:53:38+00:00,200,https://www.kts-schmoelln.de/prozesskette/,HTML,f98dc2e04578961656adbe15039beba0a4364b38d509ab0c7aaedbd45cb5d1f9,,SCREENED_NOT_SELECTED,
DRS-2e7447ad6e32486f2da5,P65,https://www.fuerstenberg-porzellan.com/,2026-10-08T11:53:00+00:00,200,https://www.fuerstenberg-porzellan.com/,HTML,efb04a21071db233f13eeef64e3bf877fde481e32a9c7d130b2a2aa886d43f27,,SCREENED_NOT_SELECTED,
DRS-2f31f46ca1d2a5eb79b4,P47,https://www.hofmann-ceramic.de/en/company/,2026-10-08T11:54:01+00:00,,,,,<urlopen error timed out>,FAILED,
DRS-2fbd37caa2d4e44d86f4,P100,https://klaeger.de/wp-content/uploads/Maschinenpark-Klaeger_2023.pdf,2026-10-08T11:53:25+00:00,200,https://klaeger.de/wp-content/uploads/Maschinenpark-Klaeger_2023.pdf,PDF,4017d285a8d72f02d46914d5d1047a4ab9dd622e3b84124b9c6423e3fb138595,,SCREENED_NOT_SELECTED,
DRS-2fc3a62ea6bde2f28786,P10,https://www.oskar-lehmann.de/en/78.html,2026-10-08T11:53:54+00:00,200,https://www.oskar-lehmann.de/en/78.html,HTML,347371519e10cfc2f990e286188266bbed9bc5218d632818e7c696e74d699a95,,SCREENED_NOT_SELECTED,
DRS-30560ef336a275cc20a0,P77,https://www.metak.de/leistungen/werkzeugbau,2026-10-08T11:53:24+00:00,200,https://www.metak.de/leistungen/werkzeugbau,HTML,42cf86b1ab47cdbd7f1da58a3c39dacbffc40a702c6e0a7c5bb25c8d1e77e908,,SCREENED_NOT_SELECTED,
DRS-321bc49e35c6695c1d4d,P77,https://www.metak.de/fileadmin/Kundenbereich/Zertifikate/Metak_Zertifikat_50001_deutsch_2026.pdf,2026-10-08T11:53:24+00:00,200,https://www.metak.de/fileadmin/Kundenbereich/Zertifikate/Metak_Zertifikat_50001_deutsch_2026.pdf,PDF,f6f8f3838dbe68399bc8f7a64dcb87ebc605e89b472662ed7c1d0f4741533d39,,RECHECKED,S-P77-06
DRS-327a560f4c2c81150850,P07,https://wirtschaftskraft.de/artikel/das-hightech-herz-der-zukunftsschmiede-varioplast-schlaegt-im-nordschwarzwald,2026-10-08T11:52:31+00:00,200,https://wirtschaftskraft.de/artikel/das-hightech-herz-der-zukunftsschmiede-varioplast-schlaegt-im-nordschwarzwald,HTML,db8894f65012e1895cc0b5ce71054d9aaa90e73e3575f88a1c1a4816d5fb9b24,,SCREENED_NOT_SELECTED,
DRS-3285fd354326621b423f,P04,https://www.lammsbraeu.de/hubfs/Dachmarke/resources/documents/Pressemitteilungen/NL_Factsheet_2025.pdf,2026-10-08T11:52:31+00:00,200,https://www.lammsbraeu.de/hubfs/Dachmarke/resources/documents/Pressemitteilungen/NL_Factsheet_2025.pdf,PDF,0aced4a3ad5b873262b15c6190696f9e6f9f995c07a8eac95d96216be1bee334,,SCREENED_NOT_SELECTED,
DRS-32e4a07fd68d89317746,P76,https://si-tech-gmbh.com/unternehmen/qualitaet,2026-10-08T11:53:23+00:00,,,,,<urlopen error timed out>,FAILED,
DRS-340dd0e0ded5a58684b1,P18,https://lamberts.de/stellenangebote,2026-10-08T11:56:10+00:00,200,https://lamberts.de/stellenangebote,HTML,52133f21578536dfa3351a0be7c928feb9da12dc80e1af1b516dc347e0a900c7,,RECHECKED,S-P18-06
DRS-3544e951fe35f4a6ca35,P109,https://www.nymphenburg.com/,2026-10-08T11:53:15+00:00,200,https://www.nymphenburg.com/,HTML,bc1edcfce631d35c5d01108cf8b3ae4c41096d19f14d1e9282ae49f654bc41e7,,SCREENED_NOT_SELECTED,
DRS-371d2021a3a6102ed8a2,P32,https://hochdorfer.de/,2026-10-08T11:52:56+00:00,200,https://hochdorfer.de/,HTML,54ff57bb59fff6ecd208108d8d4748c6b4d574bf8fe63234945c5ba4a5a40858,,SCREENED_NOT_SELECTED,
DRS-373834eb372869b497fe,P29,https://www.meckatzer.de/fileadmin/user_data/dokumente/260929_Nachhaltigkeitsbericht_WEB.pdf,2026-10-08T11:53:18+00:00,200,https://www.meckatzer.de/fileadmin/user_data/dokumente/260929_Nachhaltigkeitsbericht_WEB.pdf,PDF,96da60f5b7782c04142c22dd32ba65f38a8f22952b90321db5a47b8e6f1027fc,,RECHECKED,S-P29-03
DRS-3952bb25030ae38df59a,P42,https://www.ot-schwerin.de/,2026-10-08T11:52:57+00:00,200,https://www.ot-schwerin.de/start.html,HTML,512a16b3069192cd3b766f60580ba38eabc278382d87e68ad6a1ccd4679d5457,,SCREENED_NOT_SELECTED,
DRS-39804fac86705ccad116,P47,https://www.hofmann-ceramic.de/firmengeschichte/,2026-10-08T11:53:56+00:00,200,https://www.hofmann-ceramic.de/firmengeschichte/,HTML,ade8d6d22b1d9d430cd4a351827425d140de7c4c9c2484b793c4b0ed25e31774,,SCREENED_NOT_SELECTED,
DRS-3986afcbcab018e27eb0,P77,https://www.metak.de/fileadmin/Kundenbereich/Zertifikate/Metak_Zertifikat_14001_deutsch_2026.pdf,2026-10-08T11:53:25+00:00,200,https://www.metak.de/fileadmin/Kundenbereich/Zertifikate/Metak_Zertifikat_14001_deutsch_2026.pdf,PDF,9e310d0f1b307e09308f1c43679d0150e081a1e4bdbd6ce8864948b989d429b4,,SCREENED_NOT_SELECTED,
DRS-3d3e8ba3bc8ef6a6a96b,P104,https://holder-oft.de/oberflaechenverfahren/waermebehandlung-von-aluminium/,2026-10-08T11:53:44+00:00,,,,,<urlopen error timed out>,FAILED,
DRS-41ed92400ee771f58758,P34,https://www.kts-schmoelln.de/,2026-10-08T11:52:56+00:00,200,https://www.kts-schmoelln.de/home/,HTML,f2154953f3a4280aa4f89bee2f30d879f1b643973cd49bb721efdf2cbd51edc4,,SCREENED_NOT_SELECTED,
DRS-44e2a0ceb8920440b4b8,P10,https://energie-effizienz-netzwerke.de/een-de/netzwerkidee/stimmen.php,2026-10-08T11:52:41+00:00,,,,,<urlopen error timed out>,FAILED,
DRS-4647c2d56e3b847f8907,P100,https://kunststoffspritzguss-produzent.de/,2026-10-08T11:53:10+00:00,200,https://kunststoffspritzguss-produzent.de/,HTML,4dfd107967f83dbdbaa4e9c759e57e6888a087d238aa2f026adfe3e1abafbf66,,SCREENED_NOT_SELECTED,
DRS-48086f4f2bc163e0cbdb,P76,https://si-tech-gmbh.com/leistungen/kunststoffspritzguss,2026-10-08T11:53:23+00:00,,,,,<urlopen error timed out>,FAILED,
DRS-4c3e5e32bf4ec3cf9890,P07,https://varioplast.de/images/downloads/pdf/zertifikate/Varioplast_Zertifikat_14001_de_2023-2026.pdf,2026-10-08T11:52:31+00:00,200,https://varioplast.de/images/downloads/pdf/zertifikate/Varioplast_Zertifikat_14001_de_2023-2026.pdf,PDF,f60c97a5569f2e629e9c089d2341ae6cf2aa9fc958dad121fa7f33a826ab7d66,,SCREENED_NOT_SELECTED,
DRS-4e21988cadbb7a8f757d,P07,https://varioplast.de/images/downloads/pdf/zertifikate/2026/Varioplast_Zertifikat_14001_SKZ_2026_de_Joomla-kompatibel-1.pdf,2026-10-08T11:53:46+00:00,200,https://varioplast.de/images/downloads/pdf/zertifikate/2026/Varioplast_Zertifikat_14001_SKZ_2026_de_Joomla-kompatibel-1.pdf,PDF,f991c2e2b92bf5c3a28f932605395d753907b7f936b2142e25284ef1eaf2a0f1,,SCREENED_NOT_SELECTED,
DRS-4e8bccd7aa2990cf910f,P29,https://www.meckatzer.de/,2026-10-08T11:52:55+00:00,200,https://www.meckatzer.de/,HTML,ff93253c72e4ae94452a072260bcbe198e565d5c0846f23b358ca145fa81f4f6,,SCREENED_NOT_SELECTED,
DRS-517c7ea2b4aa37dd6680,P67,https://www.moeschter-group.com/,2026-10-08T11:53:03+00:00,200,https://www.moeschter-group.com/de/,HTML,a8b9ddea214707a5950e46ec56395166a42a9b5d021e9970b66f313fffaf488d,,RECHECKED,S-P67-02
DRS-534eded535c13e56dc43,P47,https://www.hofmann-ceramic.de/downloads/,2026-10-08T11:53:39+00:00,200,https://www.hofmann-ceramic.de/downloads/,HTML,af6db48c814a05df90f774f024636d40ef12a76ef5071452256b0d7073b62594,,SCREENED_NOT_SELECTED,
DRS-54c9ed947a5cbb73aa5f,P76,https://si-tech-gmbh.com/kontakt/impressum,2026-10-08T11:53:16+00:00,200,https://si-tech-gmbh.com/kontakt/impressum,HTML,af66119163107d90e98623a4f9789532a7111d034728cf12bd654cc468e80b3b,,SCREENED_NOT_SELECTED,
DRS-57b5227a0b3a91e1d72b,P109,https://www.nymphenburg.com/policies/legal-notice,2026-10-08T11:53:14+00:00,200,https://www.nymphenburg.com/policies/legal-notice,HTML,0f9f9a6683fab7cb0cfa14f3c26fc40babe94f2340632b428a260aba2e29b815,,RECHECKED,S-P109-01
DRS-5817cf0407e2e9293dbb,P25,https://scheplast.de/wp-content/uploads/2024/03/Scheplast-certificate-ISO-14001_2015-valid-2027-en.pdf,2026-10-08T11:53:17+00:00,200,https://scheplast.de/wp-content/uploads/2024/03/Scheplast-certificate-ISO-14001_2015-valid-2027-en.pdf,PDF,e132559b4c4c5718f989acd6fe66146ca77dfed2dc04b7e61f8a9df28c294788,,SCREENED_NOT_SELECTED,
DRS-58ccc7d72c3f8e6fd255,P12,https://www.richard-henkel.de/downloads.html?file=files/downloads/2024_Klimawin-BW_Bericht.pdf,2026-10-08T11:52:47+00:00,200,https://www.richard-henkel.de/downloads.html?file=files/downloads/2024_Klimawin-BW_Bericht.pdf,PDF,d04353b5eac3f0540738eb750f7096473bcc3ddce4c21f508614bb092e575a43,,SCREENED_NOT_SELECTED,
DRS-5c6efa668f075b67d1f6,P104,https://holder-oft.de/impressum/,2026-10-08T11:53:11+00:00,200,https://holder-oft.de/impressum/,HTML,810f9d37b30c6b1b3844a5e3557a202c13b15f70cccd82dcfffbb127663a2dd1,,SCREENED_NOT_SELECTED,
DRS-5c7bc5baa361138fbbdf,P34,https://www.kts-schmoelln.de/fileadmin/user_upload/dokumente/de/Auftragsmanagement.pdf,2026-10-08T11:54:01+00:00,404,,,,HTTP Error 404: Not Found,FAILED,
DRS-5cb9ca88e59343c6bc14,P25,https://scheplast.de/impressum/,2026-10-08T11:52:49+00:00,200,https://scheplast.de/impressum/,HTML,a1d77154d26b6e0673101a6442e02a818e5e8c26dfba0e744c4f5823aacbcf47,,SCREENED_NOT_SELECTED,
DRS-5cdac45b31b880ee7567,P77,https://www.metak.de/unternehmensmeldung/re-audit-2025,2026-10-08T11:56:10+00:00,200,https://www.metak.de/unternehmensmeldung/re-audit-2025,HTML,9fc482a161f2e4626de1caad52da2a537eedc3840a7603cac4480658ac9064db,,SCREENED_NOT_SELECTED,
DRS-602d571e59b4acfc81af,P88,https://ceramaret.com/technologies/gestion-de-la-qualite,2026-10-08T11:53:46+00:00,200,https://ceramaret.com/technologies/gestion-de-la-qualite,HTML,f43cbe8f34f0d9371d5564aabfc18f472743fc08750c8ea3261d856e4dd769ce,,SCREENED_NOT_SELECTED,
DRS-61058aca30b5b6022bf5,P76,https://si-tech-gmbh.com/assets/dl/nachhaltigkeit/certificate-din-iso-14001-2015-en.pdf,2026-10-08T11:53:20+00:00,200,https://si-tech-gmbh.com/assets/dl/nachhaltigkeit/certificate-din-iso-14001-2015-en.pdf,PDF,1ff0577299f48a7e0ebc4e3dcabf8cf4426a2b23dcfa585e5bdf58a5ad9e86f1,,SCREENED_NOT_SELECTED,
DRS-617838efb9e4335fc585,P110,https://eschenbachporzellan.de/faq,2026-10-08T11:53:17+00:00,200,https://eschenbachporzellan.de/faq,HTML,2f48f5660db02946c7ffe6afd5f022153a49f0130ff0894b87baee1d99fc3e20,,SCREENED_NOT_SELECTED,
DRS-62e0d08870142907f65c,P04,https://www.lammsbraeu.de/hubfs/NeumarkterLammsbraeu/blog/images/2022/2022%20-%20Blog%20-%20Zertifizierungen/IHK%20Urkunde%20EMAS.pdf,2026-10-08T11:52:31+00:00,200,https://www.lammsbraeu.de/hubfs/NeumarkterLammsbraeu/blog/images/2022/2022%20-%20Blog%20-%20Zertifizierungen/IHK%20Urkunde%20EMAS.pdf,PDF,,EMPTY_OR_UNREADABLE_BODY,FAILED,
DRS-652f2d5843daa34a1702,P46,https://www.pofahermsdorf.de/impressum/,2026-10-08T11:53:00+00:00,,,,,<urlopen error timed out>,FAILED,
DRS-667850ad603b0f931697,P100,https://klaeger-group.com/news/automatisierung-neue-spritzgussmaschine/,2026-10-08T11:53:30+00:00,200,https://klaeger-group.com/news/automatisierung-neue-spritzgussmaschine/,HTML,0027382192b1886966e42a3b1b424fd3c38e6193afb4783fb742dd4dc14326ca,,SCREENED_NOT_SELECTED,
DRS-684c11003bb312fe7e98,P42,https://www.ot-schwerin.de/umweltmanagement.html?_hash=s0lGTqN2t2hLlg5_g7fqZqUTEboZVon9tT8vVT7Vx-8&ctx=a%3A1%3A%7Bs%3A2%3A%22id%22%3Bi%3A174%3B%7D&p=ot%2Fcontent%2Fgrafiken%2Fzertifikate%2F14001+2023_deutsch.pdf,2026-10-08T11:53:54+00:00,200,https://www.ot-schwerin.de/umweltmanagement.html?_hash=s0lGTqN2t2hLlg5_g7fqZqUTEboZVon9tT8vVT7Vx-8&ctx=a%3A1%3A%7Bs%3A2%3A%22id%22%3Bi%3A174%3B%7D&p=ot%2Fcontent%2Fgrafiken%2Fzertifikate%2F14001+2023_deutsch.pdf,PDF,ccbbd54710fbdbe18d817c1e34bb36f0e88f5c022e532f79d3f02d95a13bca7f,,SCREENED_NOT_SELECTED,
DRS-6af2c7e2a6dfd24f1297,P47,https://ifglgroup.com/investor/financial-performance/,2026-10-08T11:53:59+00:00,,,,,<urlopen error timed out>,FAILED,
DRS-6dc40e64bf9f3c1b64f9,P76,https://si-tech-gmbh.com/impressum/,2026-10-08T11:53:04+00:00,200,https://si-tech-gmbh.com/,HTML,d8287344c90a0a6818e2e867f6c0da9691f2ad4456145fd95266788846aeeea6,,SCREENED_NOT_SELECTED,
DRS-6e395dea8b7922c247d6,P12,https://www.richard-henkel.de/downloads.html?file=files/downloads/2024_Umwelterklaerung_Richard_Henkel.pdf,2026-10-08T11:52:47+00:00,200,https://www.richard-henkel.de/downloads.html?file=files/downloads/2024_Umwelterklaerung_Richard_Henkel.pdf,PDF,d53906c8788edf349d57aad4cfa0642a38bd41576ca206082f323b5bce4c59a8,,RECHECKED,S-P12-03
DRS-6ff379f7cffc9b7a4f61,P47,https://ifglgroup.com/wp-content/uploads/2026/07/Hofmann-Gmbh.pdf,2026-10-08T11:56:10+00:00,200,https://ifglgroup.com/wp-content/uploads/2026/07/Hofmann-Gmbh.pdf,PDF,3b2ca43610acb9548e8d485a23ac1df5ab844092117f8448f6d02c62a4c02a2b,,RECHECKED,S-P47-09
DRS-723e996146584f76f6dc,P04,https://www.lammsbraeu.de/impressum,2026-10-08T11:52:31+00:00,200,https://www.lammsbraeu.de/impressum,HTML,415a470ccdc2468f399a1307ab187567b72b51bdfac7f73460965fcfc7bc9b71,,SCREENED_NOT_SELECTED,
DRS-76ad34a5f119bca2a82a,P12,https://www.richard-henkel.de/impressum.html,2026-10-08T11:52:46+00:00,200,https://www.richard-henkel.de/impressum.html,HTML,e5f968a7df8fddb1fdd0d7dd56e421545c3fd6954ffe945f4f4cbd0309a2bdd0,,SCREENED_NOT_SELECTED,
DRS-777ab9ca547ce7bab262,P65,https://www.mf.niedersachsen.de/download/226797/Beteiligungsbericht_2025_nicht_barrierefrei_dieser_wird_zu_einem_spaeteren_Zeitpunkt_bereitgestellt_.pdf,2026-10-08T11:56:10+00:00,200,https://www.mf.niedersachsen.de/download/226797/Beteiligungsbericht_2025_nicht_barrierefrei_dieser_wird_zu_einem_spaeteren_Zeitpunkt_bereitgestellt_.pdf,PDF,079296368cc7ed0548056c6119014a869915f38d4621809a5de82a09d45fa349,,RECHECKED,S-P65-04
DRS-7a44e79a4523f58636dc,P40,https://oftech.de/downloads/,2026-10-08T11:53:38+00:00,200,https://oftech.de/downloads/,HTML,942607ce37539a0d6df49275823ce9032f9b532ce1392a5ca752d6cd380b397a,,SCREENED_NOT_SELECTED,
DRS-7c1af12c4f1b8193baf7,P88,https://ceramaret.com/,2026-10-08T11:53:10+00:00,200,https://ceramaret.com/,HTML,762f8455b0fe01c4379c58aaa8da2d8970eeaba0b617807744abf4320cf0d85f,,SCREENED_NOT_SELECTED,
DRS-7c2f54018cd4a1c8f8c6,P34,https://www.losse-holding.de/,2026-10-08T11:54:01+00:00,200,https://www.losse-holding.de/,HTML,5ba437ec98f704f7e13e037ad4630f14b3aff379c2f0ebb2d4a46eba52116350,,RECHECKED,S-P34-05
DRS-8396319a9c9dc6f0fed4,P40,https://oftech.de/umweltpolitik/,2026-10-08T11:53:38+00:00,200,https://oftech.de/umweltpolitik/,HTML,524cd9b3467c53c0dbce6979c72d5c7d69337de968ca3eb7e8a22b0367553605,,SCREENED_NOT_SELECTED,
DRS-875f2ac18497f504a620,P10,https://www.oskar-lehmann.de/en/download-en.html,2026-10-08T11:52:40+00:00,200,https://www.oskar-lehmann.de/en/download-en.html,HTML,3b79d7084983e4d78831e179387bfeb9f0cc3b2cac121d472851f9090be0dae3,,SCREENED_NOT_SELECTED,
DRS-8a542bf2e914075aa6ad,P05,https://www.einbecker-brauhaus.de/impressum,2026-10-08T11:52:31+00:00,,,,,<urlopen error timed out>,FAILED,
DRS-8acafb70c8f10372eecf,P47,https://www.hofmann-ceramic.de/wp-content/uploads/EM_00533-Z04304_de.pdf,2026-10-08T11:53:47+00:00,200,https://www.hofmann-ceramic.de/wp-content/uploads/EM_00533-Z04304_de.pdf,HTML,7598473ce5f7b9c76fb530049f4971f3f09cfd9bb1415844dccef03edadd6f8c,,SCREENED_NOT_SELECTED,
DRS-8c104c7c0d06c316a4ba,P04,https://www.lammsbraeu.de/hubfs/Dachmarke/resources/documents/Nachhaltigkeitsberichte/f_Ver%C3%B6ffentlichung_GW%C3%96-Bericht2024_mit%20EMAS-Erkl%C3%A4rung.pdf,2026-10-08T11:56:10+00:00,0,https://www.lammsbraeu.de/hubfs/Dachmarke/resources/documents/Nachhaltigkeitsberichte/f_Ver%C3%B6ffentlichung_GW%C3%96-Bericht2024_mit%20EMAS-Erkl%C3%A4rung.pdf,,,curl: (28) Proxy CONNECT aborted due to timeout,FAILED,
DRS-8c9ceba8731d2d14fd0c,P88,https://ceramaret.com/de/unser-unternehmen/know-how,2026-10-08T11:56:23+00:00,200,https://ceramaret.com/de/unser-unternehmen/know-how,HTML,c5091ca225b99a92376690d2ac1b165f17ffcdd8d4dcf3193895b5cd29589a7e,,SCREENED_NOT_SELECTED,
DRS-8eee9d47e502bdd98132,P34,https://www.schmoelln.de/stadt-und-rathaus/weitere-seiten/presseberichte/2025/03/3-jungunternehmer-stammtisch-in-schmoelln-einblick-in-die-produktion-und-austausch-auf-augenhoehe,2026-10-08T11:54:01+00:00,200,https://www.schmoelln.de/stadt-und-rathaus/weitere-seiten/presseberichte/2025/03/3-jungunternehmer-stammtisch-in-schmoelln-einblick-in-die-produktion-und-austausch-auf-augenhoehe,HTML,6838adabceba7414c3726880b081a679b7ca1458d987bdc5c87dc760beafbe96,,RECHECKED,S-P34-06
DRS-8f758e3100c1edcdbcf8,P04,https://www.lammsbraeu.de/blog/unsere-zertifizierungen,2026-10-08T11:52:31+00:00,200,https://www.lammsbraeu.de/blog/unsere-zertifizierungen,HTML,72b3fab10b91570567dbc183599e2626694d30c4ed35528841500c4b863c926f,,SCREENED_NOT_SELECTED,
DRS-94ba34fca84507e39b95,P10,https://www.oskar-lehmann.de/en/areas-of-expertise.html,2026-10-08T11:52:40+00:00,200,https://www.oskar-lehmann.de/en/areas-of-expertise.html,HTML,43eb3e5fd93d0a5d0f992021b9ff0aa417d0f10dd04d942d519d3c9648c1c4aa,,SCREENED_NOT_SELECTED,
DRS-96d7d93fd8287bd5c00e,P47,https://ifglgroup.com/wp-content/uploads/2026/07/Annual-Report-25-26.pdf,2026-10-08T11:56:10+00:00,200,https://ifglgroup.com/wp-content/uploads/2026/07/Annual-Report-25-26.pdf,PDF,1bb3835dab282959e1fac32fc48f35e4caa3fd7b3a251bdc78a8dd5dddef45b5,,RECHECKED,S-P47-08
DRS-9833d02ca45f5a8d7244,P110,https://eschenbachporzellan.de/unternehmen/geschichte,2026-10-08T11:53:31+00:00,200,https://eschenbachporzellan.de/unternehmen/geschichte,HTML,38f37eeb10f602891b5e874217dba1b0a04d706d5087d6d79a23e07cffb75c43,,SCREENED_NOT_SELECTED,
DRS-98953268c14437fe3730,P25,https://scheplast.de/nachhaltigkeit/,2026-10-08T11:53:17+00:00,200,https://scheplast.de/nachhaltigkeit/,HTML,08ae8d900ae6a53dbb800b066949a5f37f06da3fd80092a5a65d52c561699ca3,,RECHECKED,S-P25-05
DRS-9e44823f4bc72ddbb97e,P88,https://ceramaret.com/de/legal/impressum,2026-10-08T11:53:09+00:00,200,https://ceramaret.com/de/legal/impressum,HTML,d4ac808178e403b030d9051295cbb124d4f216b33c09c04fdf8c493ae3b298b2,,SCREENED_NOT_SELECTED,
DRS-a3264830d2f9b51fb7bb,P07,https://varioplast.de/de/impressum,2026-10-08T11:52:31+00:00,200,https://varioplast.de/de/impressum,HTML,ca5dea7e9268682825e22834e0ace2bddca4a9186435e40feac193d6997c69ae,,SCREENED_NOT_SELECTED,
DRS-a3e17627f21f3b08b5b9,P67,https://www.moeschter-group.com/de/doceram/downloads/,2026-10-08T11:53:39+00:00,200,https://www.moeschter-group.com/de/doceram/downloads/,HTML,dfbae5a50863935ef79dbf4e7efb59fe7cf6d91160de2b742dab5681233ff0bf,,SCREENED_NOT_SELECTED,
DRS-a6c997848899dd770bd0,P88,https://www.kowema.ch/en/,2026-10-08T11:56:10+00:00,0,https://www.kowema.ch/en/,,,curl: (28) Proxy CONNECT aborted due to timeout,FAILED,
DRS-a8555c8a71a8493d3b75,P18,https://lamberts.de/unsere-glasherstellung,2026-10-08T11:56:10+00:00,200,https://lamberts.de/unsere-glasherstellung,HTML,c9712589167b6b0e038e4d3c6a28f4ccf54768a9dd5a5acb54dfe103bdcb051c,,RECHECKED,S-P18-05
DRS-a93f6efb0eab946e5135,P65,https://www.mf.niedersachsen.de/startseite/themen/beteiligungen/beteiligungsportfolio/beteiligungsportfolio-196603.html,2026-10-08T11:53:57+00:00,200,https://www.mf.niedersachsen.de/startseite/themen/beteiligungen/beteiligungsportfolio/beteiligungsportfolio-196603.html,HTML,cf17db19b793c4ba3b3d4622df2243456668fb1422e22b592a3985301f340906,,SCREENED_NOT_SELECTED,
DRS-aae32f784faa96ff6635,P88,https://ceramaret.com/de/unser-unternehmen/verwaltungsrat,2026-10-08T11:54:06+00:00,200,https://ceramaret.com/de/unser-unternehmen/verwaltungsrat,HTML,a9f51138158f9fdac8ca6cd8d7a07d4ae44e7e9ca78d458d11835c35df0dba2a,,SCREENED_NOT_SELECTED,
DRS-ac7a4e9a0b78feb2182f,P18,https://lamberts.de/impressum-2,2026-10-08T11:52:47+00:00,200,https://lamberts.de/impressum-2,HTML,225170e83d792a4e8bbeeadbce3446de3f9e69a758d4569ca11502b8cb473c7b,,SCREENED_NOT_SELECTED,
DRS-ac931bc92a86de871160,P110,https://eschenbachporzellan.de/impressum,2026-10-08T11:53:15+00:00,200,https://eschenbachporzellan.de/impressum,HTML,c2954d493cef72da853f6cf64a754d20f6ad55609041034ca8353804b94f96c9,,RECHECKED,S-P110-01
DRS-ad5f46be76fd38bb3e26,P88,https://ceramaret.com/de/unser-unternehmen/mitarbeiter,2026-10-08T11:56:20+00:00,200,https://ceramaret.com/de/unser-unternehmen/mitarbeiter,HTML,89c45754e13501b07c98541dc810d0ad040667aefeb9746dd1ef77de5a83f8a1,,RECHECKED,S-P88-06
DRS-aea7bc02c17601a6eead,P10,https://www.oskar-lehmann.de/en/imprint.html,2026-10-08T11:52:31+00:00,200,https://www.oskar-lehmann.de/en/imprint.html,HTML,61567134e51cde1b39dd0258b9feada155036645d1ca3c83e73a739c4c7edac8,,RECHECKED,S-P10-01
DRS-affbff1e5c6c5bea48ad,P100,https://klaeger.de/unternehmen/nachhaltikgeit/,2026-10-08T11:53:25+00:00,200,https://klaeger.de/de/unternehmen/nachhaltikgeit/,HTML,64d6c520b2cf9bdd1af917cf1e70b4780dee150175cd006926c47232746ce274,,RECHECKED,S-P100-03
DRS-b3119f61cee7579a1b4a,P88,https://ceramaret.com/de/unser-unternehmen/leitbild-ceramaret-sa,2026-10-08T11:56:20+00:00,200,https://ceramaret.com/de/unser-unternehmen/leitbild-ceramaret-sa,HTML,2013ad7635178bd22b11ca8fb15ab2361c30c33affcf5c36e4b51ba8c7513853,,SCREENED_NOT_SELECTED,
DRS-b5de4e32f4cec52a593b,P46,https://www.pofahermsdorf.de/wp-content/uploads/2023/05/UMS_dt.pdf,2026-10-08T11:53:47+00:00,200,https://www.pofahermsdorf.de/wp-content/uploads/2023/05/UMS_dt.pdf,PDF,ff9b42de9bd5db7614f6ff71dbf226ac0727a1db0af5bf39f82e35c84edf1225,,SCREENED_NOT_SELECTED,
DRS-b5f1d1023175acec48da,P78,https://www.erlemann-huckenbeck.de/,2026-10-08T11:53:09+00:00,502,,,,HTTP Error 502: Bad Gateway,FAILED,
DRS-b5f52cc75737c5bebb22,P88,https://ceramaret.com/sites-de-production,2026-10-08T11:53:45+00:00,200,https://ceramaret.com/sites-de-production,HTML,6532716a48f9158edf71a66bc8eb59cff48a8a87e8b848e4b7eb0db73fda8f4d,,SCREENED_NOT_SELECTED,
DRS-b7a0460f41d0f075c43b,P76,https://si-tech-gmbh.com/,2026-10-08T11:53:04+00:00,200,https://si-tech-gmbh.com/,HTML,d8287344c90a0a6818e2e867f6c0da9691f2ad4456145fd95266788846aeeea6,,SCREENED_NOT_SELECTED,
DRS-b8b4e6324f9175a032e8,P88,https://ceramaret.com/de/unser-unternehmen/prasentation,2026-10-08T11:56:21+00:00,200,https://ceramaret.com/de/unser-unternehmen/prasentation,HTML,89909bb2b69f032d32a17f4859d8dde15bf26a894299cb37aa6a26e2b82c4ecb,,SCREENED_NOT_SELECTED,
DRS-b99b9d428289b2c06e34,P88,https://ceramaret.com/technologies/mise-en-forme-et-frittage,2026-10-08T11:53:46+00:00,200,https://ceramaret.com/technologies/mise-en-forme-et-frittage,HTML,5a590f02fa1dd8ab0bfe054fcdc9295f4572d80a72d1051fe45d50ab8e562faf,,SCREENED_NOT_SELECTED,
DRS-ba65683d970cb3fc3256,P47,https://www.hofmann-ceramic.de/wp-content/uploads/UM00533Z04303de.pdf,2026-10-08T11:53:48+00:00,200,https://www.hofmann-ceramic.de/wp-content/uploads/UM00533Z04303de.pdf,HTML,bdea9469ffa1555792738bbe5f3fe4143002de0f04781cd7681a0d8b7578e5eb,,SCREENED_NOT_SELECTED,
DRS-bad42e01e4e27a43e8c3,P18,https://lamberts.de/der-zukunft-verpflichtet,2026-10-08T11:52:48+00:00,200,https://lamberts.de/der-zukunft-verpflichtet,HTML,c4fa0fb655875e9ce464974c0202f53338537d88c698fcfd1fa6f984dc52b0fd,,SCREENED_NOT_SELECTED,
DRS-bba5426c3926372fc386,P18,https://lamberts.de/files/content/Mainpage/Unsere%20Glashuette/Zukunft/Zertifikat_Z-EM-13067-2023-001_Glashuette_Lamberts_Waldsassen.pdf,2026-10-08T11:52:48+00:00,200,https://lamberts.de/files/content/Mainpage/Unsere%20Glashuette/Zukunft/Zertifikat_Z-EM-13067-2023-001_Glashuette_Lamberts_Waldsassen.pdf,PDF,9b88cbb556d1d752e593be0ed4be032b75388fa3444686874f8677ebfcb20169,,SCREENED_NOT_SELECTED,
DRS-bc51680c080ea10f9558,P18,https://lamberts.de/home,2026-10-08T11:52:48+00:00,200,https://lamberts.de/home,HTML,19d5a93ed5481fe6b5e4b853a6d1a1cdeef7762ea9e5725f5db28fd47e7fa35b,,SCREENED_NOT_SELECTED,
DRS-be812a14392d94691949,P42,https://www.ot-schwerin.de/unternehmensprofil.html,2026-10-08T11:56:10+00:00,0,https://www.ot-schwerin.de/unternehmensprofil.html,,,curl: (28) Proxy CONNECT aborted due to timeout,FAILED,
DRS-bf71f8a0724299611ace,P46,https://www.pofahermsdorf.de/wp-content/uploads/2023/05/EMS_dt.pdf,2026-10-08T11:53:47+00:00,200,https://www.pofahermsdorf.de/wp-content/uploads/2023/05/EMS_dt.pdf,PDF,670749ba9ca354c1b0449f51cb1274213982a9b39899c58b69360c2271e0aadb,,SCREENED_NOT_SELECTED,
DRS-c1e9315d485863ae4b55,P104,https://holder-oft.de/,2026-10-08T11:53:13+00:00,200,https://holder-oft.de/,HTML,a5755a56d38ef3fdae614023f859643d230b979ff1abf8dcb715683d991c6da0,,SCREENED_NOT_SELECTED,
DRS-c272b7f90f98990a6a33,P47,https://www.hofmann-ceramic.de/managementsysteme-und-unternehmenspolitik/,2026-10-08T11:53:56+00:00,200,https://www.hofmann-ceramic.de/managementsysteme-und-unternehmenspolitik/,HTML,3a27373a5503f718cd0261661daaee1e7c04c53b43ca9384851419afb0a71099,,SCREENED_NOT_SELECTED,
DRS-c5704c23327aaed277ce,P104,https://holder-oft.de/unternehmen/daten-und-fakten/,2026-10-08T11:54:07+00:00,200,https://holder-oft.de/unternehmen/daten-und-fakten/,HTML,0775ed913a48445d6358ce6b90a93d8063eb0f0701e51e584995160c24914a59,,RECHECKED,S-P104-08
DRS-c721f3c61b21e532245f,P29,https://www.meckatzer.de/nachhaltigkeit/,2026-10-08T11:53:18+00:00,200,https://www.meckatzer.de/nachhaltigkeit/,HTML,c3d4024d80a91b378f347c4f2361cff0faf85589e794a2fce2f593153bdbe462,,SCREENED_NOT_SELECTED,
DRS-c7cb2e8dd8658b56b7e9,P40,https://oftech.de/,2026-10-08T11:52:56+00:00,200,https://oftech.de/,HTML,aa49f33691b1eb7d433c6a7003f7fe3f259a2378e7916b20b688c37121f9b5f9,,SCREENED_NOT_SELECTED,
DRS-c84e6ea391d3a82a0406,P47,https://www.hofmann-ceramic.de/en/imprint/,2026-10-08T11:53:00+00:00,200,https://www.hofmann-ceramic.de/en/imprint/,HTML,42720fb1dff6f8af1aca2dc1c602e21d2a4aeb8d00c8c6639b8828f890710fdc,,SCREENED_NOT_SELECTED,
DRS-ca701a79a7d9eeaea422,P77,https://www.metak.de/impressum,2026-10-08T11:53:05+00:00,200,https://www.metak.de/impressum,HTML,51cb7bd1b8190b9ae9d97f0615165bff90987376f60b5ec5a42ec6542b7561e9,,SCREENED_NOT_SELECTED,
DRS-cd1f6eb5c046e8d8dac7,P65,https://www.fuerstenberg-porzellan.com/en/blog/blick-in-die-produktion,2026-10-08T11:53:46+00:00,200,https://www.fuerstenberg-porzellan.com/en/blog/blick-in-die-produktion,HTML,ba08a16b380d3da1d2d82343fbd0d2ac13b33c44d8e0a95719904c58c38ef8e3,,SCREENED_NOT_SELECTED,
DRS-ce41989525aedcf77985,P25,https://scheplast.de/kunststoffspritzerei/,2026-10-08T11:52:55+00:00,200,https://scheplast.de/kunststoffspritzerei/,HTML,621aeee2a503c96876e25e38ed3799c49957af27b245ee9095225390adc8d698,,SCREENED_NOT_SELECTED,
DRS-d2cd44125881a21b5b39,P104,https://holder-oft.de/unternehmen/qualitaet-und-umwelt/,2026-10-08T11:53:44+00:00,,,,,<urlopen error timed out>,FAILED,
DRS-d30a60f6aebcd6e00cf9,P32,https://hochdorfer.de/vom-rohstoff-zum-bier/,2026-10-08T11:53:38+00:00,200,https://hochdorfer.de/vom-rohstoff-zum-bier/,HTML,0c3a9f2ebdfb647afbdc6358f39af33e17f2ca80acb287c24caf46fb69079162,,RECHECKED,S-P32-02
DRS-d4555212ea26ee029e97,P77,https://www.metak.de/umwelt/leitlinien-massnahmen,2026-10-08T11:53:23+00:00,200,https://www.metak.de/umwelt/leitlinien-massnahmen,HTML,87c2a6dd9ab3a6dc2bd27041b5ba846f449932b83fc7b44e204f330ddd2d23e6,,RECHECKED,S-P77-03
DRS-d67aee600e296b388403,P46,https://www.ceram.com/en/company/,2026-10-08T11:54:06+00:00,404,,,,HTTP Error 404: Not Found,FAILED,
DRS-d7269351817cf511ca9f,P42,https://www.ot-schwerin.de/impressum.html,2026-10-08T11:56:19+00:00,200,https://www.ot-schwerin.de/impressum.html,HTML,c1c3d938d72b6688aec9e35a4cbf09782b6c6b67e0865b9b78b3ac195565f2c9,,RECHECKED,S-P42-04
DRS-d76ece92c56cd4612675,P110,https://www.triptisporzellan.de/,2026-10-08T11:53:15+00:00,502,,,,HTTP Error 502: Bad Gateway,FAILED,
DRS-d7c0127a9dac8bb90a24,P67,https://www.moeschter-group.com/fileadmin/content/mediathek/zertifikate/Zertifikate_9001_DE/ISO-9001_ISO-14001_Site-DC_DE_bis-20280518.PDF,2026-10-08T11:53:54+00:00,200,https://www.moeschter-group.com/fileadmin/content/mediathek/zertifikate/Zertifikate_9001_DE/ISO-9001_ISO-14001_Site-DC_DE_bis-20280518.PDF,PDF,e9eb77165c3ba31aa44fe3135e05587be153abec68f06dade90deba5d4b070c7,,SCREENED_NOT_SELECTED,
DRS-ddc6e5ff20a2a6b18f8f,P07,https://varioplast.de/de/downloads,2026-10-08T11:53:38+00:00,200,https://varioplast.de/de/downloads,HTML,aec7088202111a440332c436b5214bd6814c495f1e39c89c1016310b7cb95757,,SCREENED_NOT_SELECTED,
DRS-de7b0bd44ec741aadd91,P110,https://eschenbachshop.de/pages/uber-uns,2026-10-08T11:54:11+00:00,200,https://eschenbachshop.de/pages/uber-uns,HTML,ad0b6171fc1207674d27844a16add64a233a45c216370de403a397d83138622c,,SCREENED_NOT_SELECTED,
DRS-dfc531027ec3aa711b24,P46,https://www.pofahermsdorf.de/,2026-10-08T11:53:00+00:00,,,,,<urlopen error timed out>,FAILED,
DRS-dfcde48d797a267c9caa,P109,https://www.nymphenburg.com/pages/qualitatsversprechen,2026-10-08T11:53:31+00:00,200,https://www.nymphenburg.com/pages/qualitatsversprechen,HTML,3bd56fee0466312ee34ec2a9b504231709c2aeee43af31dec9f2d5bae394ab34,,SCREENED_NOT_SELECTED,
DRS-e000f649052ba0a8e594,P10,https://www.ihk.de/ostwestfalen/ihre-ihk/presse/pressemeldungen/pressemeldungen2022/ihks-starten-klimainitiative-6981412,2026-10-08T11:52:40+00:00,200,https://www.ihk.de/ostwestfalen/ihre-ihk/presse/pressemeldungen/pressemeldungen2022/ihks-starten-klimainitiative-6981412,HTML,c2faf7229b48e6b8f80959436cc127ae8f38678e498499c6c04b096abab2135e,,SCREENED_NOT_SELECTED,
DRS-e0f1aef1f145ee667acf,P88,https://ceramaret.com/en/news/press-releases/press-release,2026-10-08T11:54:06+00:00,200,https://ceramaret.com/en/news/press-releases/press-release,HTML,dda524b5fcffbeab1ce3b39e402e8768697d9ab981d7d279ab3de4302f0eb227,,RECHECKED,S-P88-07
DRS-e10539ecc5bac7177143,P67,https://www.moeschter-group.com/de/doceram/uebersicht/,2026-10-08T11:53:02+00:00,200,https://www.moeschter-group.com/de/doceram/uebersicht/,HTML,c6492c72d5784b2995b7424f5e1600dd3dfe60bc54a988e9593ca91a6b5115bb,,SCREENED_NOT_SELECTED,
DRS-e44242533066b94074d2,P76,https://si-tech-gmbh.com/leistungen/werkzeugbau,2026-10-08T11:53:23+00:00,,,,,<urlopen error timed out>,FAILED,
DRS-e511af7e80d71e5b8deb,P109,https://www.nymphenburg.com/pages/brennerei,2026-10-08T11:53:31+00:00,200,https://www.nymphenburg.com/pages/brennerei,HTML,baa27ec42a97964363a126169f537589f0b4c437caefcfb37d43f9d75a92b4de,,SCREENED_NOT_SELECTED,
DRS-e6cd763a7e547768846a,P77,https://www.metak.de/,2026-10-08T11:53:09+00:00,200,https://www.metak.de/,HTML,147df81f90ff23acff22378457652d9a114c6cc448f28f7a60714a14eb6127af,,SCREENED_NOT_SELECTED,
DRS-e7a9d628934f7ec4ee7d,P07,https://varioplast.de/de/serienfertigung/ressourcenschonende-produktion,2026-10-08T11:52:31+00:00,200,https://varioplast.de/de/serienfertigung/ressourcenschonende-produktion,HTML,ff640166d661c50af860229fe29af3b016d605b433f6e667a6d78a63ac5d6157,,SCREENED_NOT_SELECTED,
DRS-e91bb5610d08087a28f6,P42,https://www.ot-schwerin.de/umweltmanagement.html,2026-10-08T11:53:38+00:00,200,https://www.ot-schwerin.de/umweltmanagement.html,HTML,ebd9ec056f600e74837b76d5faed95b8341308024d35080a82257de7e431fa58,,SCREENED_NOT_SELECTED,
DRS-ea802301c948f55f1a47,P05,https://www.einbecker-brauhaus.de/leitbild-werte/nachhaltigkeit,2026-10-08T11:52:41+00:00,200,https://www.einbecker-brauhaus.de/leitbild-werte/nachhaltigkeit,HTML,35f2a4378c42381c0ae31e936d82ff83a8ceec9ee483a55166ac516b52c9407e,,SCREENED_NOT_SELECTED,
DRS-ea914dab0d79b831d32f,P77,https://www.metak.de/leistungen/maschinenpark,2026-10-08T11:53:24+00:00,200,https://www.metak.de/leistungen/maschinenpark,HTML,5f207bda2151fdf8c88fb7ea0165498a966c1b778d1782d8070f8cba2a3034dd,,SCREENED_NOT_SELECTED,
DRS-edb2682a545e1b7a168f,P100,https://klaeger.de/downloads-2/,2026-10-08T11:53:31+00:00,200,https://klaeger.de/de/downloads-2/,HTML,144704dcd16869613eedca00cf54510ff240221fe6742005d599b0ea0d9af58f,,SCREENED_NOT_SELECTED,
DRS-f12fa1d5df88770ba49c,P110,https://eschenbachshop.de/pages/agb,2026-10-08T11:54:11+00:00,200,https://eschenbachshop.de/pages/agb,HTML,f5998b0ecf737f16490f3654f22041786a9a98514c8d8c7c48c0dcbbd65ad9aa,,RECHECKED,S-P110-05
DRS-f19e24531a49953ee2a2,P100,https://klaeger.de/,2026-10-08T11:53:11+00:00,200,https://klaeger.de/,HTML,ad8b21308747d070b5fdda876df088a397399a31c49456768faea65a31c5ec5c,,SCREENED_NOT_SELECTED,
DRS-f55e8d49222314a88a14,P76,https://si-tech-gmbh.com/unternehmen/nachhaltigkeit,2026-10-08T11:53:18+00:00,200,https://si-tech-gmbh.com/unternehmen/nachhaltigkeit,HTML,1e0ac5e9ce0aa9c695543d0b76fc103037021f04adba76c56e7d66a37c1ae8c3,,RECHECKED,S-P76-04
DRS-f7a0c3a755284380ec5c,P07,https://www.varioplast.de/de/unternehmen/highlights,2026-10-08T11:53:55+00:00,200,https://www.varioplast.de/de/unternehmen/highlights,HTML,378e215e1f21e33690fd65cf8fb7a8f26ea560d2497f4a1eab4eed0050f85287,,RECHECKED,S-P07-10
DRS-f9a55c7ea3cd2f99375a,P12,https://www.richard-henkel.de/downloads.html?file=files/downloads/EMAS+Urkunde_bis_2026.pdf,2026-10-08T11:52:47+00:00,200,https://www.richard-henkel.de/downloads.html?file=files/downloads/EMAS+Urkunde_bis_2026.pdf,PDF,,EMPTY_OR_UNREADABLE_BODY,FAILED,
DRS-fb0aca40056f5bb4b12f,P10,https://www.oskar-lehmann.de/en/about-us.html,2026-10-08T11:52:40+00:00,200,https://www.oskar-lehmann.de/en/about-us.html,HTML,61879f56b163d30be31f37a4b2a5bb29f9c7c035b9386c3ec587625803421e77,,SCREENED_NOT_SELECTED,
DRS-fb161780f1926a02c0ef,P04,https://www.lammsbraeu.de/hubfs/Dachmarke/resources/documents/Nachhaltigkeitsberichte/GRI-Bericht2023_Neumarkter%20Lammsbr%C3%A4u_final%2020240913.pdf,2026-10-08T11:52:41+00:00,200,https://www.lammsbraeu.de/hubfs/Dachmarke/resources/documents/Nachhaltigkeitsberichte/GRI-Bericht2023_Neumarkter%20Lammsbr%C3%A4u_final%2020240913.pdf,PDF,b26e7800b14e8323a5c6b23e5e7cbf850fbcd10cf9a1ec68c292d5953b70bb84,,RECHECKED,S-P04-06
DRS-fee2f6393676d042c893,P46,https://www.pofahermsdorf.de/zertifizierungen/,2026-10-08T11:53:38+00:00,200,https://www.pofahermsdorf.de/zertifizierungen/,HTML,9f9460441763050d3442ec99f866661d096a9e0b1eba86c0fefc51b5e2460a19,,SCREENED_NOT_SELECTED,
