url,checked_at,retrieval_status,http_status,final_url,content_type,page_title,sample_sha256,attempts,detail
https://alpirsbacher.de/ueber-uns/rohstoffe/,2026-10-06T17:33:22+00:00,HTTP_OK,200,https://alpirsbacher.de/ueber-uns/rohstoffe/,text/html; charset=UTF-8,Rohstoffe,b1f309ce9de9fb4409ccfb48820fa18e47c00fc6f2a7a4ed08e228f4185c77da,1,"GET retrieval succeeded; entity, claim, currency and certificate validity require separate review."
https://www.brauerei-schimpfle.de/brauerei-schimpfle-impressum,2026-10-06T17:33:22+00:00,HTTP_OK,200,https://www.brauerei-schimpfle.de/brauerei-schimpfle-impressum,text/html; charset=utf-8,Brauerei Schimpfle | Impressum,f00e136dca126bc7150c0712b5c7c7d94838123e0bca40a7c20adca791a74192,1,"GET retrieval succeeded; entity, claim, currency and certificate validity require separate review."
https://www.winkler-braeu.de/credits/impressum,2026-10-06T17:33:22+00:00,HTTP_OK,200,https://www.winkler-braeu.de/credits/impressum,text/html; charset=utf-8,Impressum,ec3eab046304064dfc2479c39f0a0b1bcfb1d082521920acaedec30a458b67ee,1,"GET retrieval succeeded; entity, claim, currency and certificate validity require separate review."
https://saxonia-galvanik.de/unternehmen/,2026-10-06T17:33:22+00:00,HTTP_ERROR,502,https://saxonia-galvanik.de/unternehmen/,,,,2,"HTTP 502; availability only, no deployment inference."
https://saxonia-galvanik.de/saxonia-als-arbeitgeber-2/,2026-10-06T17:33:22+00:00,HTTP_ERROR,502,https://saxonia-galvanik.de/saxonia-als-arbeitgeber-2/,,,,2,"HTTP 502; availability only, no deployment inference."
https://ausbildung.saxonia-galvanik.de/unternehmen.html,2026-10-06T17:33:22+00:00,HTTP_OK,200,https://ausbildung.saxonia-galvanik.de/unternehmen.html,text/html; charset=utf-8,Unternehmen - Ausbildung bei SAXONIA Galvanik,c1633a410d3586db4d8960b7dcd926fbb3d33b6096e690c38f4e7a30e181428f,1,"GET retrieval succeeded; entity, claim, currency and certificate validity require separate review."
https://erlemann-huckenbeck.de/,2026-10-06T17:33:22+00:00,HTTP_ERROR,502,https://erlemann-huckenbeck.de/,,,,2,"HTTP 502; availability only, no deployment inference."
https://erlemann-huckenbeck.de/wp-content/uploads/2020/01/1100_7_r2_techinfo.pdf,2026-10-06T17:33:22+00:00,HTTP_ERROR,502,https://erlemann-huckenbeck.de/wp-content/uploads/2020/01/1100_7_r2_techinfo.pdf,,,,2,"HTTP 502; availability only, no deployment inference."
https://www.dibbern.de/dibbern-entdecken/,2026-10-06T17:33:22+00:00,ACCESS_BLOCKED,403,https://www.dibbern.de/dibbern-entdecken/,,,,1,"HTTP 403; availability only, no deployment inference."
https://www.dibbern.de/impressum/,2026-10-06T17:33:22+00:00,ACCESS_BLOCKED,403,https://www.dibbern.de/impressum/,,,,1,"HTTP 403; availability only, no deployment inference."
https://www.dibbern.de/dibbern-entdecken/manufaktur/,2026-10-06T17:33:22+00:00,ACCESS_BLOCKED,403,https://www.dibbern.de/dibbern-entdecken/manufaktur/,,,,1,"HTTP 403; availability only, no deployment inference."
https://www.dibbern.de/out/media/FBC-Catalogue_2024-low.pdf,2026-10-06T17:33:22+00:00,ACCESS_BLOCKED,403,https://www.dibbern.de/out/media/FBC-Catalogue_2024-low.pdf,,,,1,"HTTP 403; availability only, no deployment inference."
https://eschenbachporzellan.de/,2026-10-06T17:33:27+00:00,HTTP_OK,200,https://eschenbachporzellan.de/,text/html; charset=utf-8,Eschenbach Porzellan Group » Qualität mit Tradition,fb233257b2f12110e41ba77e361da68d3a9b787b3b22bf87a359ea3d04af6a22,1,"GET retrieval succeeded; entity, claim, currency and certificate validity require separate review."
https://www.zoetler.de/download/zoetler-nachhaltigkeitsbericht_emas2023.pdf,2026-10-06T17:33:27+00:00,NOT_FOUND,404,https://www.zoetler.de/download/zoetler-nachhaltigkeitsbericht_emas2023.pdf,,,,1,"HTTP 404; availability only, no deployment inference."
https://www.surface-technology-germany.de/aussteller/barth-galvanik/J224026,2026-10-06T17:35:16+00:00,HTTP_OK,200,https://www.surface-technology-germany.de/aussteller/barth-galvanik/J224026,text/html;charset=UTF-8,SurfaceTechnology GERMANY Aussteller 2026: Barth Galvanik,af7cf8b57c59f90aa7b8cebdf34208ab78e118164b6c15baafc5f047f85d9abe,1,"GET retrieval succeeded; entity, claim, currency and certificate validity require separate review."
https://www.keytobavaria.de/firmendetails/brauerei-winkler-braeu-gmbh-co-kg-1038434/,2026-10-06T17:35:16+00:00,HTTP_OK,200,https://www.keytobavaria.de/firmendetails/brauerei-winkler-braeu-gmbh-co-kg-1038434/,text/html; charset=utf-8,Firmendatenbank „Key to Bavaria“: Firmendetails,786ac3f4733b348846465ad599b4449bd906f2fdef6aa03d3bc722379496ffaf,1,"GET retrieval succeeded; entity, claim, currency and certificate validity require separate review."
https://eschenbachporzellan.de/faq,2026-10-06T17:35:16+00:00,HTTP_OK,200,https://eschenbachporzellan.de/faq,text/html; charset=utf-8,FAQ,2f48f5660db02946c7ffe6afd5f022153a49f0130ff0894b87baee1d99fc3e20,1,"GET retrieval succeeded; entity, claim, currency and certificate validity require separate review."
https://ambiente.messefrankfurt.com/frankfurt/de/ausstellersuche.detail.html/dibbern-gmbh.html,2026-10-06T17:35:16+00:00,NOT_FOUND,410,https://ambiente.messefrankfurt.com/frankfurt/de/ausstellersuche.detail.html/dibbern-gmbh.html,,,,1,"HTTP 410; availability only, no deployment inference."
https://ambiente.messefrankfurt.com/frankfurt/de/ausstellersuche.detail.html/dibbern-gmbh/mf_1_0010156700_4819008_10000001202601.html,2026-10-06T17:35:16+00:00,NOT_FOUND,410,https://ambiente.messefrankfurt.com/frankfurt/de/ausstellersuche.detail.html/dibbern-gmbh/mf_1_0010156700_4819008_10000001202601.html,,,,1,"HTTP 410; availability only, no deployment inference."
https://www.industriebox.de/2023/04/18/hochwertige-kunststoffteile-von-erlemann-huckenbeck/,2026-10-06T17:35:16+00:00,HTTP_OK,200,https://www.industriebox.de/2023/04/18/hochwertige-kunststoffteile-von-erlemann-huckenbeck/,text/html; charset=UTF-8,Hochwertige Kunststoffteile von Erlemann &amp; Huckenbeck -,4825c92d655df13fa40414389b8d5109a7112481d8ebeae717b6ce896bf2fdfd,1,"GET retrieval succeeded; entity, claim, currency and certificate validity require separate review."
https://dibbern-porzellanurnen.de/impressum/,2026-10-06T17:36:19+00:00,HTTP_OK,200,https://dibbern-porzellanurnen.de/impressum/,text/html; charset=UTF-8,Impressum - Dibbern Porzellanurnen,ec3db662db34a062c9bd2590f178364e915b93ee70deacf4d2fc5b87f52dd1bc,1,"GET retrieval succeeded; entity, claim, currency and certificate validity require separate review."
https://dibbern-porzellanurnen.de/,2026-10-06T17:36:19+00:00,HTTP_OK,200,https://dibbern-porzellanurnen.de/,text/html; charset=UTF-8,Startseite - Dibbern Porzellanurnen - In Handwerkstradition,f2238a78c0422cdf3edb700e33731680a45724e4e5129e125006784050dd1d6b,1,"GET retrieval succeeded; entity, claim, currency and certificate validity require separate review."
https://www.autenrieb.de/fileadmin/Dateien/PDF/Dibbern.pdf,2026-10-06T17:36:19+00:00,HTTP_OK,200,https://www.autenrieb.de/fileadmin/Dateien/PDF/Dibbern.pdf,application/pdf,,cf292d57944ffc03a647d6c61e49ece9505398a2b55b092cf6dd7ee5c3b964d1,1,"GET retrieval succeeded; entity, claim, currency and certificate validity require separate review."
https://www.restatrade.ee/wp-content/uploads/2024/10/Kataloog-2024.pdf,2026-10-06T17:36:19+00:00,HTTP_OK,200,https://www.restatrade.ee/wp-content/uploads/2024/10/Kataloog-2024.pdf,application/pdf,,efd75b6ea55b5087bb106905a2c3117c14db75840243054b051437065d0ed89c,1,"GET retrieval succeeded; entity, claim, currency and certificate validity require separate review."
https://dibbern-porzellanurnen.de/porzellanmanufaktur/,2026-10-06T17:37:13+00:00,HTTP_OK,200,https://dibbern-porzellanurnen.de/porzellanmanufaktur/,text/html; charset=UTF-8,Porzellanmanufaktur - Dibbern Porzellanurnen,c31e2b77d2e6fce86d5c5fd9f94fe916556c3fd26c04e1ad4d6c7c73e5ea0383,1,"GET retrieval succeeded; entity, claim, currency and certificate validity require separate review."
https://si-tech-gmbh.com/kontakt/impressum,2026-10-06T17:37:13+00:00,HTTP_OK,200,https://si-tech-gmbh.com/kontakt/impressum,text/html; charset=utf-8,Impressum — Si-Tech Kunststofflösungen,a402689dff974387de571b3a982b4d24f526b218780c7a9c512124f2e38e067a,1,"GET retrieval succeeded; entity, claim, currency and certificate validity require separate review."
https://www.keytobavaria.de/firmendetails/dibbern-porzellanmanufaktur-gmbh-1023462,2026-10-06T17:38:18+00:00,HTTP_OK,200,https://www.keytobavaria.de/firmendetails/dibbern-porzellanmanufaktur-gmbh-1023462,text/html; charset=utf-8,Firmendatenbank „Key to Bavaria“: Firmendetails,b30944181a068c346737d82c0765954e4d98632127a28230e586e5f7fcf49059,1,"GET retrieval succeeded; entity, claim, currency and certificate validity require separate review."
https://www.nationalpark-schwarzwald.de/mitmachen/partnerschaften/wirtschaft/alpirsbacher-klosterbraeu,2026-10-06T17:38:18+00:00,HTTP_OK,200,https://www.nationalpark-schwarzwald.de/mitmachen/partnerschaften/wirtschaft/alpirsbacher-klosterbraeu,text/html; charset=utf-8,Nationalparkpartner Alpirsbacher Klosterbräu,b2d0c89bba48fe7ae3db1b5a23a11dbd0286d1afaca7ef047c9cce9dc54760bd,1,"GET retrieval succeeded; entity, claim, currency and certificate validity require separate review."
