company_id,original_url,original_source_ids,checked_date,resolution_status,replacement_source_ids,supported_scope,remaining_gap,search_scope,review_status,reviewer,review_date
P26,https://www.surface-technology-germany.de/aussteller-produkte/aussteller/surface-technology-germany/barth-galvanik-gmbh/107846,S-P26-02,2026-10-06,REPLACEMENT_FOUND,S-P26-03,Same March 2024 employee/revenue bands and named manufacturer.,Independent current SME financial/group review remains pending.,Official trade-fair search; live replacement GET and named profile inspected.,AI_FIRST_PASS_SOURCE_RECOVERY,,
P49,https://saxonia-galvanik.de/,S-P49-01,2026-10-06,PARTIAL_REPLACEMENT,S-P49-03,"Company-owned training page: plastic electroplating, 300 staff.",Metal-coating scope on removed/unavailable overview not independently recovered.,Company website search; alternate employer URLs 502; training subdomain GET and content inspected.,AI_FIRST_PASS_SOURCE_RECOVERY,,
P49,https://saxonia-galvanik.de/saxonia-als-arbeitgeber/?lang=en,S-P49-02,2026-10-06,REPLACEMENT_FOUND,S-P49-03,Around 300 employees at three sites in company-owned training page.,Current aggregated eligibility not newly reviewed.,"Official training page, German employer page and company search; direct GET.",AI_FIRST_PASS_SOURCE_RECOVERY,,
P52,https://alpirsbacher.de/ueber-uns/unsere-werte/,S-P52-02,2026-10-06,PARTIAL_REPLACEMENT,S-P52-03,"Brewing, raw materials and quality controls.",Old resource-use claim across the production process remains unresolved.,"Official homepage/navigation, raw-material page; national-park partner page checked but not used as resource evidence.",AI_FIRST_PASS_SOURCE_RECOVERY,,
P60,https://www.hartchrom-beck.de/einsatzmoeglichkeiten/,S-P60-02,2026-10-06,REPLACEMENT_FOUND,S-P60-03,Hard chromium finishing of several industrial materials.,No energy deployment/operating detail inferred.,Official homepage and its service navigation; live GET and content inspected.,AI_FIRST_PASS_SOURCE_RECOVERY,,
P78,https://www.erlemann-huckenbeck.de/,S-P78-01 | S-P78-02,2026-10-06,HISTORICAL_REPLACEMENT,S-P78-03,"Issuer-labelled 2023 company release: named entity, then address, pressing and injection moulding.",Current legal/site continuity remains unverified.,www and bare-domain GET; company technical PDF unavailable; issuer-labelled company press release inspected.,AI_FIRST_PASS_SOURCE_RECOVERY,,
P93,https://www.brauerei-schimpfle.de/impressum/,S-P93-01,2026-10-06,REPLACEMENT_FOUND,S-P93-03,"Exact entity, address and register on current company imprint.",,Company homepage footer navigation; live GET and imprint content inspected.,AI_FIRST_PASS_SOURCE_RECOVERY,,
P95,https://www.winkler-braeu.de/impressum/,S-P95-01,2026-10-06,REPLACEMENT_FOUND,S-P95-03,Company-specific official state-backed directory names brewery at expected address.,Hotel and brewery entities remain distinct; financial/group gates unchanged.,Company imprint/navigation and official Key to Bavaria named brewery record inspected.,AI_FIRST_PASS_SOURCE_RECOVERY,,
P107,https://www.dibbern.de/en/about-us/,S-P107-01,2026-10-06,REPLACEMENT_FOUND,S-P107-03,Government-backed named record identifies the exact candidate and Hohenberg address.,DIBBERN GmbH imprint must not be assigned to the separate production entity.,"Blocked official pages, unavailable fair profiles, alternate brand imprint and exact company-specific directory checked.",AI_FIRST_PASS_SOURCE_RECOVERY,,
P107,https://www.dibbern.de/en/about-dibbern/manufactory/,S-P107-02,2026-10-06,PARTIAL_REPLACEMENT,S-P107-03 | S-P107-04,Exact candidate profile supports porcelain production and hand forming; brand manufacturing page retained as scoped context.,Candidate-specific glazing/firing operator attribution and deployment remain unresolved.,Exact candidate directory and alternate brand factory page; brand holder differs from candidate.,AI_FIRST_PASS_SOURCE_RECOVERY,,
P110,https://www.triptisporzellan.de/,S-P110-02,2026-10-06,REPLACEMENT_FOUND,S-P110-03,"Own FAQ supports Triptis hard porcelain, glazing/firing and decoration.",Company current operating parameters/electric-heat route remain unknown.,"Official Eschenbach imprint, FAQ and group brands inspected; live GET.",AI_FIRST_PASS_SOURCE_RECOVERY,,
P76,https://si-tech-gmbh.com/impressum/,S-P76-01,2026-10-06,REPLACEMENT_FOUND,S-P76-03,New current imprint proves entity/address/register.,,Old redirect to homepage checked; actual linked imprint GET and content inspected.,AI_FIRST_PASS_SOURCE_RECOVERY,,
P17,https://fcti.de/,S-P17-01,2026-10-06,REDIRECT_SCOPE_UNRESOLVED,S-P17-02,2020 acquisition release retained as historical context; old domain now redirects to group page.,Current exact QSIL Ingenieurkeramik entity/production attribution is not proved by a group homepage.,"Redirect destination title inspected; existing dated acquisition release retained, no present-company claim derived.",AI_FIRST_PASS_SOURCE_RECOVERY,,
P30,https://www.zoetler.de/download/zoetler-nachhaltigkeitsbericht_emas2023.pdf,,2026-10-06,NO_EQUIVALENT_FOUND,S-P30-03,Reachable company sustainability page states that declaration is being revised; only company EMAS claim remains.,Direct current environmental statement and registration validity remain unresolved.,Exact title/EMAS searches; live PDF GET 404; company page inspected. Indexed old PDF is not a live replacement.,AI_FIRST_PASS_SOURCE_RECOVERY,,
P43,https://www.ressource-deutschland.de/,S-P43-02,2026-10-06,REPLACEMENT_FOUND,S-P43-03,Located named WZR profile and historical/undated ceramics resource-efficiency applications; old generic homepage attribution is superseded.,"Publication date, current staffing and own-site energy deployments remain unresolved; profile retrieval is not independent human review.",Exact-name VDI search located company-specific profile; GET and named content inspected after frozen selection.,AI_FIRST_PASS_SOURCE_RECOVERY,,
