company_id,legal_entity,sme_status,group_check,eligibility_gate,process_mapping_status,certificate_check_status,numeric_coding_status,independent_human_review_status,score_status,existing_score,existing_band,existing_confidence_grade,existing_score_status,blocking_reasons,next_action,readiness_version
P03,Upländer Bauernmolkerei GmbH,probable,probable_independent,PROVISIONAL_PASS,PRESENT,COMPLETE,MISSING,PENDING,NEEDS_NUMERIC_CODING,,,,NONE,numeric ETOI coding missing | independent human review=PENDING,Code the existing methodology v0.2 numeric anchors with source-linked justifications; do not infer missing values from generic process data.,1.0.0
P04,Neumarkter Lammsbräu Gebr. Ehrnsperger KG,probable,independent,PROVISIONAL_PASS,PRESENT,COMPLETE,MISSING,PENDING,NEEDS_NUMERIC_CODING,,,,NONE,numeric ETOI coding missing | independent human review=PENDING,Code the existing methodology v0.2 numeric anchors with source-linked justifications; do not infer missing values from generic process data.,1.0.0
P05,Einbecker Brauhaus AG,probable,small_group,PROVISIONAL_PASS,PRESENT,COMPLETE,MISSING,PENDING,NEEDS_NUMERIC_CODING,,,,NONE,numeric ETOI coding missing | independent human review=PENDING,Code the existing methodology v0.2 numeric anchors with source-linked justifications; do not infer missing values from generic process data.,1.0.0
P07,VARIOPLAST Konrad Däbritz GmbH,probable,partner_or_linked_sme,UNRESOLVED,PRESENT,COMPLETE,COMPLETE,PENDING,NOT_SCOREABLE_ELIGIBILITY,63,MEDIUM,A,LEGACY_PROVISIONAL_NOT_FINAL,group_check=partner_or_linked_sme | independent human review=PENDING,"Resolve ownership, linked-enterprise aggregation and EU SME eligibility before treating any ETOI score as valid.",1.0.0
P10,Oskar Lehmann GmbH & Co. KG,probable,partner_or_linked_sme,UNRESOLVED,PRESENT,COMPLETE,COMPLETE,PENDING,NOT_SCOREABLE_ELIGIBILITY,70,HIGH,B,LEGACY_PROVISIONAL_NOT_FINAL,group_check=partner_or_linked_sme | independent human review=PENDING,"Resolve ownership, linked-enterprise aggregation and EU SME eligibility before treating any ETOI score as valid.",1.0.0
P11,B+T Oberflächentechnik GmbH,probable,small_group,PROVISIONAL_PASS,PRESENT,COMPLETE,MISSING,PENDING,NEEDS_NUMERIC_CODING,,,,NONE,numeric ETOI coding missing | independent human review=PENDING,Code the existing methodology v0.2 numeric anchors with source-linked justifications; do not infer missing values from generic process data.,1.0.0
P12,Richard Henkel GmbH,probable,independent,PROVISIONAL_PASS,PRESENT,COMPLETE,MISSING,PENDING,NEEDS_NUMERIC_CODING,,,,NONE,numeric ETOI coding missing | independent human review=PENDING,Code the existing methodology v0.2 numeric anchors with source-linked justifications; do not infer missing values from generic process data.,1.0.0
P13,Schmalriede-Zink GmbH,probable,independent,PROVISIONAL_PASS,PRESENT,COMPLETE,MISSING,PENDING,NEEDS_NUMERIC_CODING,,,,NONE,numeric ETOI coding missing | independent human review=PENDING,Code the existing methodology v0.2 numeric anchors with source-linked justifications; do not infer missing values from generic process data.,1.0.0
P15,ELOXAL BARZ GmbH & Co KG,probable,independent,PROVISIONAL_PASS,PRESENT,COMPLETE,MISSING,PENDING,NEEDS_NUMERIC_CODING,,,,NONE,numeric ETOI coding missing | independent human review=PENDING,Code the existing methodology v0.2 numeric anchors with source-linked justifications; do not infer missing values from generic process data.,1.0.0
P16,Sembach GmbH & Co. KG,probable,independent,PROVISIONAL_PASS,PRESENT,COMPLETE,MISSING,PENDING,NEEDS_NUMERIC_CODING,,,,NONE,numeric ETOI coding missing | independent human review=PENDING,Code the existing methodology v0.2 numeric anchors with source-linked justifications; do not infer missing values from generic process data.,1.0.0
P18,Glashütte Lamberts Waldsassen GmbH,probable,independent,PROVISIONAL_PASS,PRESENT,COMPLETE,MISSING,PENDING,NEEDS_NUMERIC_CODING,,,,NONE,numeric ETOI coding missing | independent human review=PENDING,Code the existing methodology v0.2 numeric anchors with source-linked justifications; do not infer missing values from generic process data.,1.0.0
P19,Glasfabrik Lamberts GmbH & Co. KG,probable,independent,PROVISIONAL_PASS,PRESENT,COMPLETE,MISSING,PENDING,NEEDS_NUMERIC_CODING,,,,NONE,numeric ETOI coding missing | independent human review=PENDING,Code the existing methodology v0.2 numeric anchors with source-linked justifications; do not infer missing values from generic process data.,1.0.0
P20,DERIX Glasstudios GmbH & Co. KG,probable,probable_independent,PROVISIONAL_PASS,PRESENT,COMPLETE,MISSING,PENDING,NEEDS_NUMERIC_CODING,,,,NONE,numeric ETOI coding missing | independent human review=PENDING,Code the existing methodology v0.2 numeric anchors with source-linked justifications; do not infer missing values from generic process data.,1.0.0
P21,Privatbrauerei MORITZ FIEGE GmbH & Co. KG,probable,independent,PROVISIONAL_PASS,PRESENT,COMPLETE,MISSING,PENDING,NEEDS_NUMERIC_CODING,,,,NONE,numeric ETOI coding missing | independent human review=PENDING,Code the existing methodology v0.2 numeric anchors with source-linked justifications; do not infer missing values from generic process data.,1.0.0
P22,RIEDENBURGER BRAUHAUS Michael Krieger GmbH & Co. KG,probable,independent,PROVISIONAL_PASS,PRESENT,COMPLETE,MISSING,PENDING,NEEDS_NUMERIC_CODING,,,,NONE,numeric ETOI coding missing | independent human review=PENDING,Code the existing methodology v0.2 numeric anchors with source-linked justifications; do not infer missing values from generic process data.,1.0.0
P23,FM-Plast GmbH,probable,small_group,PROVISIONAL_PASS,PRESENT,COMPLETE,MISSING,PENDING,NEEDS_NUMERIC_CODING,,,,NONE,numeric ETOI coding missing | independent human review=PENDING,Code the existing methodology v0.2 numeric anchors with source-linked justifications; do not infer missing values from generic process data.,1.0.0
P24,H&K Müller GmbH & Co. KG,probable,independent,PROVISIONAL_PASS,PRESENT,COMPLETE,MISSING,PENDING,NEEDS_NUMERIC_CODING,,,,NONE,numeric ETOI coding missing | independent human review=PENDING,Code the existing methodology v0.2 numeric anchors with source-linked justifications; do not infer missing values from generic process data.,1.0.0
P25,Scheplast GmbH,probable,independent,PROVISIONAL_PASS,PRESENT,COMPLETE,MISSING,PENDING,NEEDS_NUMERIC_CODING,,,,NONE,numeric ETOI coding missing | independent human review=PENDING,Code the existing methodology v0.2 numeric anchors with source-linked justifications; do not infer missing values from generic process data.,1.0.0
P26,Barth Galvanik GmbH,probable,independent,PROVISIONAL_PASS,PRESENT,COMPLETE,MISSING,PENDING,NEEDS_NUMERIC_CODING,,,,NONE,numeric ETOI coding missing | independent human review=PENDING,Code the existing methodology v0.2 numeric anchors with source-linked justifications; do not infer missing values from generic process data.,1.0.0
P27,BCE Special Ceramics GmbH,probable,independent,PROVISIONAL_PASS,PRESENT,COMPLETE,MISSING,PENDING,NEEDS_NUMERIC_CODING,,,,NONE,numeric ETOI coding missing | independent human review=PENDING,Code the existing methodology v0.2 numeric anchors with source-linked justifications; do not infer missing values from generic process data.,1.0.0
P28,Berg Brauerei Ulrich Zimmermann GmbH & Co. KG,probable,probable_independent,PROVISIONAL_PASS,PRESENT,COMPLETE,MISSING,PENDING,NEEDS_NUMERIC_CODING,,,,NONE,numeric ETOI coding missing | independent human review=PENDING,Code the existing methodology v0.2 numeric anchors with source-linked justifications; do not infer missing values from generic process data.,1.0.0
P29,Meckatzer Löwenbräu Benedikt Weiß KG,probable,probable_independent,PROVISIONAL_PASS,PRESENT,COMPLETE,MISSING,PENDING,NEEDS_NUMERIC_CODING,,,,NONE,numeric ETOI coding missing | independent human review=PENDING,Code the existing methodology v0.2 numeric anchors with source-linked justifications; do not infer missing values from generic process data.,1.0.0
P30,Privat-Brauerei Zötler GmbH,probable,probable_independent,PROVISIONAL_PASS,PRESENT,COMPLETE,MISSING,PENDING,NEEDS_NUMERIC_CODING,,,,NONE,numeric ETOI coding missing | independent human review=PENDING,Code the existing methodology v0.2 numeric anchors with source-linked justifications; do not infer missing values from generic process data.,1.0.0
P31,Brauerei Clemens Härle KG,probable,independent,PROVISIONAL_PASS,PRESENT,COMPLETE,MISSING,PENDING,NEEDS_NUMERIC_CODING,,,,NONE,numeric ETOI coding missing | independent human review=PENDING,Code the existing methodology v0.2 numeric anchors with source-linked justifications; do not infer missing values from generic process data.,1.0.0
P32,Kronenbrauerei Otto Haizmann KG,probable,unknown,UNRESOLVED,PRESENT,COMPLETE,MISSING,PENDING,NOT_SCOREABLE_ELIGIBILITY,,,,NONE,group_check=unknown | numeric ETOI coding missing | independent human review=PENDING,"Resolve ownership, linked-enterprise aggregation and EU SME eligibility before treating any ETOI score as valid.",1.0.0
P33,Gindele GmbH,probable,probable_independent,PROVISIONAL_PASS,PRESENT,COMPLETE,MISSING,PENDING,NEEDS_NUMERIC_CODING,,,,NONE,numeric ETOI coding missing | independent human review=PENDING,Code the existing methodology v0.2 numeric anchors with source-linked justifications; do not infer missing values from generic process data.,1.0.0
P34,KTS Kunststoff Technik Schmölln GmbH,probable,unknown,UNRESOLVED,PRESENT,COMPLETE,MISSING,PENDING,NOT_SCOREABLE_ELIGIBILITY,,,,NONE,group_check=unknown | numeric ETOI coding missing | independent human review=PENDING,"Resolve ownership, linked-enterprise aggregation and EU SME eligibility before treating any ETOI score as valid.",1.0.0
P35,MACK KUNSTSTOFFTECHNIK GMBH & CO. KG,probable,probable_independent,PROVISIONAL_PASS,PRESENT,COMPLETE,MISSING,PENDING,NEEDS_NUMERIC_CODING,,,,NONE,numeric ETOI coding missing | independent human review=PENDING,Code the existing methodology v0.2 numeric anchors with source-linked justifications; do not infer missing values from generic process data.,1.0.0
P36,Kunststofftechnik Borgmann GmbH,probable,family_owned,PROVISIONAL_PASS,PRESENT,COMPLETE,MISSING,PENDING,NEEDS_NUMERIC_CODING,,,,NONE,numeric ETOI coding missing | independent human review=PENDING,Code the existing methodology v0.2 numeric anchors with source-linked justifications; do not infer missing values from generic process data.,1.0.0
P37,atka Kunststoffverarbeitung GmbH,probable,probable_independent,PROVISIONAL_PASS,PRESENT,COMPLETE,MISSING,PENDING,NEEDS_NUMERIC_CODING,,,,NONE,numeric ETOI coding missing | independent human review=PENDING,Code the existing methodology v0.2 numeric anchors with source-linked justifications; do not infer missing values from generic process data.,1.0.0
P38,Krämer + Eckert GmbH & Co. KG,probable,family_owned,PROVISIONAL_PASS,PRESENT,COMPLETE,MISSING,PENDING,NEEDS_NUMERIC_CODING,,,,NONE,numeric ETOI coding missing | independent human review=PENDING,Code the existing methodology v0.2 numeric anchors with source-linked justifications; do not infer missing values from generic process data.,1.0.0
P39,Eloxal Höfler GmbH,probable,probable_independent,PROVISIONAL_PASS,PRESENT,COMPLETE,MISSING,PENDING,NEEDS_NUMERIC_CODING,,,,NONE,numeric ETOI coding missing | independent human review=PENDING,Code the existing methodology v0.2 numeric anchors with source-linked justifications; do not infer missing values from generic process data.,1.0.0
P40,OFTECH Oberflächentechnik GmbH & Co. KG,probable,unknown,UNRESOLVED,PRESENT,COMPLETE,MISSING,PENDING,NOT_SCOREABLE_ELIGIBILITY,,,,NONE,group_check=unknown | numeric ETOI coding missing | independent human review=PENDING,"Resolve ownership, linked-enterprise aggregation and EU SME eligibility before treating any ETOI score as valid.",1.0.0
P41,"Galvano Weis, Weis GmbH & Co., Galvanische-Werkstätte KG",probable,family_owned,PROVISIONAL_PASS,PRESENT,COMPLETE,MISSING,PENDING,NEEDS_NUMERIC_CODING,,,,NONE,numeric ETOI coding missing | independent human review=PENDING,Code the existing methodology v0.2 numeric anchors with source-linked justifications; do not infer missing values from generic process data.,1.0.0
P42,OT Oberflächentechnik GmbH & Co. KG,probable,unknown,UNRESOLVED,PRESENT,COMPLETE,MISSING,PENDING,NOT_SCOREABLE_ELIGIBILITY,,,,NONE,group_check=unknown | numeric ETOI coding missing | independent human review=PENDING,"Resolve ownership, linked-enterprise aggregation and EU SME eligibility before treating any ETOI score as valid.",1.0.0
P43,WZR ceramic solutions GmbH,probable,independent,PROVISIONAL_PASS,PRESENT,COMPLETE,MISSING,PENDING,NEEDS_NUMERIC_CODING,,,,NONE,numeric ETOI coding missing | independent human review=PENDING,Code the existing methodology v0.2 numeric anchors with source-linked justifications; do not infer missing values from generic process data.,1.0.0
P44,OXIDKERAMIK J. Cardenas GmbH,probable,probable_independent,PROVISIONAL_PASS,PRESENT,COMPLETE,MISSING,PENDING,NEEDS_NUMERIC_CODING,,,,NONE,numeric ETOI coding missing | independent human review=PENDING,Code the existing methodology v0.2 numeric anchors with source-linked justifications; do not infer missing values from generic process data.,1.0.0
P45,Glasmanufaktur HARZKRISTALL GmbH,probable,foundation_owned,PROVISIONAL_PASS,PRESENT,COMPLETE,MISSING,PENDING,NEEDS_NUMERIC_CODING,,,,NONE,numeric ETOI coding missing | independent human review=PENDING,Code the existing methodology v0.2 numeric anchors with source-linked justifications; do not infer missing values from generic process data.,1.0.0
P46,Porzellanfabrik Hermsdorf GmbH,probable,linked_enterprise_check,UNRESOLVED,PRESENT,COMPLETE,MISSING,PENDING,NOT_SCOREABLE_ELIGIBILITY,,,,NONE,group_check=linked_enterprise_check | numeric ETOI coding missing | independent human review=PENDING,"Resolve ownership, linked-enterprise aggregation and EU SME eligibility before treating any ETOI score as valid.",1.0.0
P47,hofmann CERAMiC GmbH,probable,linked_enterprise_check,UNRESOLVED,PRESENT,COMPLETE,MISSING,PENDING,NOT_SCOREABLE_ELIGIBILITY,,,,NONE,group_check=linked_enterprise_check | numeric ETOI coding missing | independent human review=PENDING,"Resolve ownership, linked-enterprise aggregation and EU SME eligibility before treating any ETOI score as valid.",1.0.0
P50,Brauerei Aying Franz Inselkammer KG,probable,probable_independent,PROVISIONAL_PASS,PRESENT,COMPLETE,MISSING,PENDING,NEEDS_NUMERIC_CODING,,,,NONE,numeric ETOI coding missing | independent human review=PENDING,Code the existing methodology v0.2 numeric anchors with source-linked justifications; do not infer missing values from generic process data.,1.0.0
P51,Distelhäuser Brauerei Ernst Bauer GmbH & Co. KG,probable,probable_independent,PROVISIONAL_PASS,PRESENT,COMPLETE,MISSING,PENDING,NEEDS_NUMERIC_CODING,,,,NONE,numeric ETOI coding missing | independent human review=PENDING,Code the existing methodology v0.2 numeric anchors with source-linked justifications; do not infer missing values from generic process data.,1.0.0
P52,Glauner GmbH,probable,probable_independent,PROVISIONAL_PASS,PRESENT,COMPLETE,MISSING,PENDING,NEEDS_NUMERIC_CODING,,,,NONE,numeric ETOI coding missing | independent human review=PENDING,Code the existing methodology v0.2 numeric anchors with source-linked justifications; do not infer missing values from generic process data.,1.0.0
P53,Brauerei Rittmayer Hallerndorf GmbH & Co. KG,probable,probable_independent,PROVISIONAL_PASS,PRESENT,COMPLETE,MISSING,PENDING,NEEDS_NUMERIC_CODING,,,,NONE,numeric ETOI coding missing | independent human review=PENDING,Code the existing methodology v0.2 numeric anchors with source-linked justifications; do not infer missing values from generic process data.,1.0.0
P54,Privatbrauerei Waldhaus Joh. Schmid GmbH,probable,probable_independent,PROVISIONAL_PASS,PRESENT,COMPLETE,MISSING,PENDING,NEEDS_NUMERIC_CODING,,,,NONE,numeric ETOI coding missing | independent human review=PENDING,Code the existing methodology v0.2 numeric anchors with source-linked justifications; do not infer missing values from generic process data.,1.0.0
P55,Merschbrock Kunststoff Spritzguss GmbH,probable,probable_independent,PROVISIONAL_PASS,PRESENT,COMPLETE,MISSING,PENDING,NEEDS_NUMERIC_CODING,,,,NONE,numeric ETOI coding missing | independent human review=PENDING,Code the existing methodology v0.2 numeric anchors with source-linked justifications; do not infer missing values from generic process data.,1.0.0
P56,Spritzguß Müller GmbH,probable,probable_independent,PROVISIONAL_PASS,PRESENT,COMPLETE,MISSING,PENDING,NEEDS_NUMERIC_CODING,,,,NONE,numeric ETOI coding missing | independent human review=PENDING,Code the existing methodology v0.2 numeric anchors with source-linked justifications; do not infer missing values from generic process data.,1.0.0
P57,Stocker Kunststoff GmbH,probable,probable_independent,PROVISIONAL_PASS,PRESENT,COMPLETE,MISSING,PENDING,NEEDS_NUMERIC_CODING,,,,NONE,numeric ETOI coding missing | independent human review=PENDING,Code the existing methodology v0.2 numeric anchors with source-linked justifications; do not infer missing values from generic process data.,1.0.0
P58,Dorn Spritzguss GmbH,probable,probable_independent,PROVISIONAL_PASS,PRESENT,COMPLETE,MISSING,PENDING,NEEDS_NUMERIC_CODING,,,,NONE,numeric ETOI coding missing | independent human review=PENDING,Code the existing methodology v0.2 numeric anchors with source-linked justifications; do not infer missing values from generic process data.,1.0.0
P59,AK Kunststoffspritzguss GmbH & Co. KG,probable,probable_independent,PROVISIONAL_PASS,PRESENT,COMPLETE,MISSING,PENDING,NEEDS_NUMERIC_CODING,,,,NONE,numeric ETOI coding missing | independent human review=PENDING,Code the existing methodology v0.2 numeric anchors with source-linked justifications; do not infer missing values from generic process data.,1.0.0
P60,HARTCHROM Beck GmbH,probable,probable_independent,PROVISIONAL_PASS,PRESENT,COMPLETE,MISSING,PENDING,NEEDS_NUMERIC_CODING,,,,NONE,numeric ETOI coding missing | independent human review=PENDING,Code the existing methodology v0.2 numeric anchors with source-linked justifications; do not infer missing values from generic process data.,1.0.0
P61,Galvanik-Horstmann GmbH,probable,probable_independent,PROVISIONAL_PASS,PRESENT,COMPLETE,MISSING,PENDING,NEEDS_NUMERIC_CODING,,,,NONE,numeric ETOI coding missing | independent human review=PENDING,Code the existing methodology v0.2 numeric anchors with source-linked justifications; do not infer missing values from generic process data.,1.0.0
P62,Galvanotechnik Kessel GmbH & Co. KG,probable,probable_independent,PROVISIONAL_PASS,PRESENT,COMPLETE,MISSING,PENDING,NEEDS_NUMERIC_CODING,,,,NONE,numeric ETOI coding missing | independent human review=PENDING,Code the existing methodology v0.2 numeric anchors with source-linked justifications; do not infer missing values from generic process data.,1.0.0
P63,OTK Oberflächentechnik Kaltenkirchen GmbH,probable,probable_independent,PROVISIONAL_PASS,PRESENT,COMPLETE,MISSING,PENDING,NEEDS_NUMERIC_CODING,,,,NONE,numeric ETOI coding missing | independent human review=PENDING,Code the existing methodology v0.2 numeric anchors with source-linked justifications; do not infer missing values from generic process data.,1.0.0
P64,Wieland Metalloberflächentechnik GmbH,probable,probable_independent,PROVISIONAL_PASS,PRESENT,COMPLETE,MISSING,PENDING,NEEDS_NUMERIC_CODING,,,,NONE,numeric ETOI coding missing | independent human review=PENDING,Code the existing methodology v0.2 numeric anchors with source-linked justifications; do not infer missing values from generic process data.,1.0.0
P65,Porzellanmanufaktur FÜRSTENBERG GmbH,probable,state_owned_sme_check,UNRESOLVED,PRESENT,COMPLETE,MISSING,PENDING,NOT_SCOREABLE_ELIGIBILITY,,,,NONE,group_check=state_owned_sme_check | numeric ETOI coding missing | independent human review=PENDING,"Resolve ownership, linked-enterprise aggregation and EU SME eligibility before treating any ETOI score as valid.",1.0.0
P66,KPM Königliche Porzellan-Manufaktur Berlin GmbH,probable,probable_independent,PROVISIONAL_PASS,PRESENT,COMPLETE,MISSING,PENDING,NEEDS_NUMERIC_CODING,,,,NONE,numeric ETOI coding missing | independent human review=PENDING,Code the existing methodology v0.2 numeric anchors with source-linked justifications; do not infer missing values from generic process data.,1.0.0
P67,DOCERAM GmbH,probable,linked_enterprise_check,UNRESOLVED,PRESENT,COMPLETE,MISSING,PENDING,NOT_SCOREABLE_ELIGIBILITY,,,,NONE,group_check=linked_enterprise_check | numeric ETOI coding missing | independent human review=PENDING,"Resolve ownership, linked-enterprise aggregation and EU SME eligibility before treating any ETOI score as valid.",1.0.0
P68,TechnoKer GmbH,probable,probable_independent,PROVISIONAL_PASS,PRESENT,COMPLETE,MISSING,PENDING,NEEDS_NUMERIC_CODING,,,,NONE,numeric ETOI coding missing | independent human review=PENDING,Code the existing methodology v0.2 numeric anchors with source-linked justifications; do not infer missing values from generic process data.,1.0.0
P70,ceram GmbH,probable,probable_independent,PROVISIONAL_PASS,PRESENT,COMPLETE,MISSING,PENDING,NEEDS_NUMERIC_CODING,,,,NONE,numeric ETOI coding missing | independent human review=PENDING,Code the existing methodology v0.2 numeric anchors with source-linked justifications; do not infer missing values from generic process data.,1.0.0
P71,Flötzinger Brauerei Franz Steegmüller GmbH & Co. KG,probable,probable_independent,PROVISIONAL_PASS,PRESENT,COMPLETE,MISSING,PENDING,NEEDS_NUMERIC_CODING,,,,NONE,numeric ETOI coding missing | independent human review=PENDING,Code the existing methodology v0.2 numeric anchors with source-linked justifications; do not infer missing values from generic process data.,1.0.0
P72,Hofbräuhaus Traunstein Josef Sailer GmbH & Co. KG,probable,probable_independent,PROVISIONAL_PASS,PRESENT,COMPLETE,MISSING,PENDING,NEEDS_NUMERIC_CODING,,,,NONE,numeric ETOI coding missing | independent human review=PENDING,Code the existing methodology v0.2 numeric anchors with source-linked justifications; do not infer missing values from generic process data.,1.0.0
P73,Brauerei-Gasthof Kundmüller GmbH,probable,probable_independent,PROVISIONAL_PASS,PRESENT,COMPLETE,MISSING,PENDING,NEEDS_NUMERIC_CODING,,,,NONE,numeric ETOI coding missing | independent human review=PENDING,Code the existing methodology v0.2 numeric anchors with source-linked justifications; do not infer missing values from generic process data.,1.0.0
P74,Brauerei Gebr. Maisel GmbH & Co. KG,probable,probable_independent,PROVISIONAL_PASS,PRESENT,COMPLETE,MISSING,PENDING,NEEDS_NUMERIC_CODING,,,,NONE,numeric ETOI coding missing | independent human review=PENDING,Code the existing methodology v0.2 numeric anchors with source-linked justifications; do not infer missing values from generic process data.,1.0.0
P75,Privatbrauerei J.B. Falter Regen KG,probable,independent,PROVISIONAL_PASS,PRESENT,COMPLETE,MISSING,PENDING,NEEDS_NUMERIC_CODING,,,,NONE,numeric ETOI coding missing | independent human review=PENDING,Code the existing methodology v0.2 numeric anchors with source-linked justifications; do not infer missing values from generic process data.,1.0.0
P76,Si-Tech Singer GmbH,probable,probable_independent,PROVISIONAL_PASS,PRESENT,COMPLETE,MISSING,PENDING,NEEDS_NUMERIC_CODING,,,,NONE,numeric ETOI coding missing | independent human review=PENDING,Code the existing methodology v0.2 numeric anchors with source-linked justifications; do not infer missing values from generic process data.,1.0.0
P77,metak GmbH & Co. KG,probable,probable_independent,PROVISIONAL_PASS,PRESENT,COMPLETE,MISSING,PENDING,NEEDS_NUMERIC_CODING,,,,NONE,numeric ETOI coding missing | independent human review=PENDING,Code the existing methodology v0.2 numeric anchors with source-linked justifications; do not infer missing values from generic process data.,1.0.0
P78,Erlemann & Huckenbeck GmbH & Co. KG,probable,probable_independent,PROVISIONAL_PASS,PRESENT,COMPLETE,MISSING,PENDING,NEEDS_NUMERIC_CODING,,,,NONE,numeric ETOI coding missing | independent human review=PENDING,Code the existing methodology v0.2 numeric anchors with source-linked justifications; do not infer missing values from generic process data.,1.0.0
P79,Langer GmbH & Co. KG,probable,small_group,PROVISIONAL_PASS,PRESENT,COMPLETE,MISSING,PENDING,NEEDS_NUMERIC_CODING,,,,NONE,numeric ETOI coding missing | independent human review=PENDING,Code the existing methodology v0.2 numeric anchors with source-linked justifications; do not infer missing values from generic process data.,1.0.0
P80,MKT Metall- und Kunststofftechnik GmbH,probable,probable_independent,PROVISIONAL_PASS,PRESENT,COMPLETE,MISSING,PENDING,NEEDS_NUMERIC_CODING,,,,NONE,numeric ETOI coding missing | independent human review=PENDING,Code the existing methodology v0.2 numeric anchors with source-linked justifications; do not infer missing values from generic process data.,1.0.0
P81,Eloxalwerk Ludwigsburg Helmut Zerrer GmbH,probable,probable_independent,PROVISIONAL_PASS,PRESENT,COMPLETE,MISSING,PENDING,NEEDS_NUMERIC_CODING,,,,NONE,numeric ETOI coding missing | independent human review=PENDING,Code the existing methodology v0.2 numeric anchors with source-linked justifications; do not infer missing values from generic process data.,1.0.0
P82,Galvanotec-Hagen GmbH & Co. KG,probable,independent,PROVISIONAL_PASS,PRESENT,COMPLETE,MISSING,PENDING,NEEDS_NUMERIC_CODING,,,,NONE,numeric ETOI coding missing | independent human review=PENDING,Code the existing methodology v0.2 numeric anchors with source-linked justifications; do not infer missing values from generic process data.,1.0.0
P83,Gerbracht & Mönch Galvanotechnik GmbH,probable,probable_independent,PROVISIONAL_PASS,PRESENT,COMPLETE,MISSING,PENDING,NEEDS_NUMERIC_CODING,,,,NONE,numeric ETOI coding missing | independent human review=PENDING,Code the existing methodology v0.2 numeric anchors with source-linked justifications; do not infer missing values from generic process data.,1.0.0
P84,Sauer Oberflächentechnik GmbH,probable,independent,PROVISIONAL_PASS,PRESENT,COMPLETE,MISSING,PENDING,NEEDS_NUMERIC_CODING,,,,NONE,numeric ETOI coding missing | independent human review=PENDING,Code the existing methodology v0.2 numeric anchors with source-linked justifications; do not infer missing values from generic process data.,1.0.0
P85,Die Schweizer Galvanotechnic GmbH & Co. KG,probable,probable_independent,PROVISIONAL_PASS,PRESENT,COMPLETE,MISSING,PENDING,NEEDS_NUMERIC_CODING,,,,NONE,numeric ETOI coding missing | independent human review=PENDING,Code the existing methodology v0.2 numeric anchors with source-linked justifications; do not infer missing values from generic process data.,1.0.0
P86,GIESS- TECHNISCHE- SONDERKERAMIK GmbH & Co. KG,probable,probable_independent,PROVISIONAL_PASS,PRESENT,COMPLETE,MISSING,PENDING,NEEDS_NUMERIC_CODING,,,,NONE,numeric ETOI coding missing | independent human review=PENDING,Code the existing methodology v0.2 numeric anchors with source-linked justifications; do not infer missing values from generic process data.,1.0.0
P87,Ceramany GmbH,probable,small_group,PROVISIONAL_PASS,PRESENT,COMPLETE,MISSING,PENDING,NEEDS_NUMERIC_CODING,,,,NONE,numeric ETOI coding missing | independent human review=PENDING,Code the existing methodology v0.2 numeric anchors with source-linked justifications; do not infer missing values from generic process data.,1.0.0
P88,Ceramaret Meissen GmbH,probable,linked_enterprise_check,UNRESOLVED,PRESENT,COMPLETE,MISSING,PENDING,NOT_SCOREABLE_ELIGIBILITY,,,,NONE,group_check=linked_enterprise_check | numeric ETOI coding missing | independent human review=PENDING,"Resolve ownership, linked-enterprise aggregation and EU SME eligibility before treating any ETOI score as valid.",1.0.0
P89,TECHNISCHE KERAMIK FRÖMGEN GMBH,probable,probable_independent,PROVISIONAL_PASS,PRESENT,COMPLETE,MISSING,PENDING,NEEDS_NUMERIC_CODING,,,,NONE,numeric ETOI coding missing | independent human review=PENDING,Code the existing methodology v0.2 numeric anchors with source-linked justifications; do not infer missing values from generic process data.,1.0.0
P90,InnoKeramik & Technik GmbH,probable,probable_independent,PROVISIONAL_PASS,PRESENT,COMPLETE,MISSING,PENDING,NEEDS_NUMERIC_CODING,,,,NONE,numeric ETOI coding missing | independent human review=PENDING,Code the existing methodology v0.2 numeric anchors with source-linked justifications; do not infer missing values from generic process data.,1.0.0
P91,Brauerei S. Riegele Inh. Riegele KG,probable,small_group,PROVISIONAL_PASS,PRESENT,COMPLETE,MISSING,PENDING,NEEDS_NUMERIC_CODING,,,,NONE,numeric ETOI coding missing | independent human review=PENDING,Code the existing methodology v0.2 numeric anchors with source-linked justifications; do not infer missing values from generic process data.,1.0.0
P92,Familienbrauerei M. Ketterer GmbH & Co. KG,probable,independent,PROVISIONAL_PASS,PRESENT,COMPLETE,MISSING,PENDING,NEEDS_NUMERIC_CODING,,,,NONE,numeric ETOI coding missing | independent human review=PENDING,Code the existing methodology v0.2 numeric anchors with source-linked justifications; do not infer missing values from generic process data.,1.0.0
P93,Brauerei Schimpfle GmbH & Co. KG,probable,probable_independent,PROVISIONAL_PASS,PRESENT,COMPLETE,MISSING,PENDING,NEEDS_NUMERIC_CODING,,,,NONE,numeric ETOI coding missing | independent human review=PENDING,Code the existing methodology v0.2 numeric anchors with source-linked justifications; do not infer missing values from generic process data.,1.0.0
P94,Brauerei zum Kuchlbauer GmbH & Co. KG,probable,probable_independent,PROVISIONAL_PASS,PRESENT,COMPLETE,MISSING,PENDING,NEEDS_NUMERIC_CODING,,,,NONE,numeric ETOI coding missing | independent human review=PENDING,Code the existing methodology v0.2 numeric anchors with source-linked justifications; do not infer missing values from generic process data.,1.0.0
P95,Winkler-Bräu GmbH & Co. KG,probable,independent,PROVISIONAL_PASS,PRESENT,COMPLETE,MISSING,PENDING,NEEDS_NUMERIC_CODING,,,,NONE,numeric ETOI coding missing | independent human review=PENDING,Code the existing methodology v0.2 numeric anchors with source-linked justifications; do not infer missing values from generic process data.,1.0.0
P96,PEKA Spritzguss GmbH,probable,probable_independent,PROVISIONAL_PASS,PRESENT,COMPLETE,MISSING,PENDING,NEEDS_NUMERIC_CODING,,,,NONE,numeric ETOI coding missing | independent human review=PENDING,Code the existing methodology v0.2 numeric anchors with source-linked justifications; do not infer missing values from generic process data.,1.0.0
P97,Peltzer & Co. GmbH,probable,probable_independent,PROVISIONAL_PASS,PRESENT,COMPLETE,MISSING,PENDING,NEEDS_NUMERIC_CODING,,,,NONE,numeric ETOI coding missing | independent human review=PENDING,Code the existing methodology v0.2 numeric anchors with source-linked justifications; do not infer missing values from generic process data.,1.0.0
P98,Robert Frank GmbH & Co. KG,probable,independent,PROVISIONAL_PASS,PRESENT,COMPLETE,MISSING,PENDING,NEEDS_NUMERIC_CODING,,,,NONE,numeric ETOI coding missing | independent human review=PENDING,Code the existing methodology v0.2 numeric anchors with source-linked justifications; do not infer missing values from generic process data.,1.0.0
P99,Kunststofftechnik Breitungen GmbH & Co. KG,probable,probable_independent,PROVISIONAL_PASS,PRESENT,COMPLETE,MISSING,PENDING,NEEDS_NUMERIC_CODING,,,,NONE,numeric ETOI coding missing | independent human review=PENDING,Code the existing methodology v0.2 numeric anchors with source-linked justifications; do not infer missing values from generic process data.,1.0.0
P100,Kläger Spritzguss GmbH & Co. KG,probable,probable_independent,PROVISIONAL_PASS,PRESENT,COMPLETE,MISSING,PENDING,NEEDS_NUMERIC_CODING,,,,NONE,numeric ETOI coding missing | independent human review=PENDING,Code the existing methodology v0.2 numeric anchors with source-linked justifications; do not infer missing values from generic process data.,1.0.0
P101,Metoba Metalloberflächenbearbeitung GmbH,probable,probable_independent,PROVISIONAL_PASS,PRESENT,COMPLETE,MISSING,PENDING,NEEDS_NUMERIC_CODING,,,,NONE,numeric ETOI coding missing | independent human review=PENDING,Code the existing methodology v0.2 numeric anchors with source-linked justifications; do not infer missing values from generic process data.,1.0.0
P102,Rudolf Clauss GmbH & Co. KG,probable,independent,PROVISIONAL_PASS,PRESENT,COMPLETE,MISSING,PENDING,NEEDS_NUMERIC_CODING,,,,NONE,numeric ETOI coding missing | independent human review=PENDING,Code the existing methodology v0.2 numeric anchors with source-linked justifications; do not infer missing values from generic process data.,1.0.0
P103,Metallveredelung Gebrüder Wigl GmbH,probable,small_group,PROVISIONAL_PASS,PRESENT,COMPLETE,MISSING,PENDING,NEEDS_NUMERIC_CODING,,,,NONE,numeric ETOI coding missing | independent human review=PENDING,Code the existing methodology v0.2 numeric anchors with source-linked justifications; do not infer missing values from generic process data.,1.0.0
P104,Holder GmbH Oberflächentechnik,probable,linked_enterprise_check,UNRESOLVED,PRESENT,COMPLETE,MISSING,PENDING,NOT_SCOREABLE_ELIGIBILITY,,,,NONE,group_check=linked_enterprise_check | numeric ETOI coding missing | independent human review=PENDING,"Resolve ownership, linked-enterprise aggregation and EU SME eligibility before treating any ETOI score as valid.",1.0.0
P105,Dresdner Silber und Metallveredlung GmbH,probable,probable_independent,PROVISIONAL_PASS,PRESENT,COMPLETE,MISSING,PENDING,NEEDS_NUMERIC_CODING,,,,NONE,numeric ETOI coding missing | independent human review=PENDING,Code the existing methodology v0.2 numeric anchors with source-linked justifications; do not infer missing values from generic process data.,1.0.0
P106,Felix Vuckovic - Technische Keramik GmbH,probable,independent,PROVISIONAL_PASS,PRESENT,COMPLETE,MISSING,PENDING,NEEDS_NUMERIC_CODING,,,,NONE,numeric ETOI coding missing | independent human review=PENDING,Code the existing methodology v0.2 numeric anchors with source-linked justifications; do not infer missing values from generic process data.,1.0.0
P107,Dibbern Porzellanmanufaktur GmbH,probable,small_group,PROVISIONAL_PASS,PRESENT,COMPLETE,MISSING,PENDING,NEEDS_NUMERIC_CODING,,,,NONE,numeric ETOI coding missing | independent human review=PENDING,Code the existing methodology v0.2 numeric anchors with source-linked justifications; do not infer missing values from generic process data.,1.0.0
P108,Porzellanmanufaktur Reichenbach GmbH,probable,probable_independent,PROVISIONAL_PASS,PRESENT,COMPLETE,MISSING,PENDING,NEEDS_NUMERIC_CODING,,,,NONE,numeric ETOI coding missing | independent human review=PENDING,Code the existing methodology v0.2 numeric anchors with source-linked justifications; do not infer missing values from generic process data.,1.0.0
P109,Porzellan Manufaktur Nymphenburg GmbH & Co. KG,probable,probable_independent,PROVISIONAL_PASS,PRESENT,COMPLETE,MISSING,PENDING,NEEDS_NUMERIC_CODING,,,,NONE,numeric ETOI coding missing | independent human review=PENDING,Code the existing methodology v0.2 numeric anchors with source-linked justifications; do not infer missing values from generic process data.,1.0.0
P110,Neue Porzellanfabrik Triptis GmbH,probable,small_group,PROVISIONAL_PASS,PRESENT,COMPLETE,MISSING,PENDING,NEEDS_NUMERIC_CODING,,,,NONE,numeric ETOI coding missing | independent human review=PENDING,Code the existing methodology v0.2 numeric anchors with source-linked justifications; do not infer missing values from generic process data.,1.0.0
