company_id,legal_entity,has_coding_assessment,audited_url_count,retrievable_url_count,retrieval_issue_count,registered_source_count,scope_gap_count,recovery_case_count,audit_status,last_checked_at
P03,Upländer Bauernmolkerei GmbH,NO,6,6,0,4,0,0,CHECKED,2026-10-06T17:31:46+00:00
P04,Neumarkter Lammsbräu Gebr. Ehrnsperger KG,YES,8,8,0,6,0,0,CHECKED,2026-10-06T17:31:06+00:00
P05,Einbecker Brauhaus AG,YES,5,5,0,4,0,0,CHECKED,2026-10-06T17:30:32+00:00
P07,VARIOPLAST Konrad Däbritz GmbH,NO,7,7,0,6,0,0,CHECKED,2026-10-06T17:30:01+00:00
P10,Oskar Lehmann GmbH & Co. KG,NO,11,11,0,9,0,0,CHECKED,2026-10-06T17:31:15+00:00
P12,Richard Henkel GmbH,YES,7,7,0,5,0,0,CHECKED,2026-10-06T17:31:31+00:00
P13,Schmalriede-Zink GmbH,YES,9,9,0,9,0,0,CHECKED,2026-10-06T18:02:02+00:00
P16,Sembach GmbH & Co. KG,YES,7,7,0,5,0,0,CHECKED,2026-10-06T17:31:38+00:00
P18,Glashütte Lamberts Waldsassen GmbH,YES,5,5,0,4,0,0,CHECKED,2026-10-06T17:29:33+00:00
P19,Glasfabrik Lamberts GmbH & Co. KG,YES,7,7,0,6,0,0,CHECKED,2026-10-06T17:31:01+00:00
P11,B+T Oberflächentechnik GmbH,YES,5,5,0,3,0,0,CHECKED,2026-10-06T17:29:17+00:00
P15,ELOXAL BARZ GmbH & Co KG,YES,4,4,0,5,0,0,CHECKED,2026-10-07T10:15:18+00:00
P20,DERIX Glasstudios GmbH & Co. KG,YES,5,5,0,4,0,0,CHECKED,2026-10-06T17:30:24+00:00
P21,Privatbrauerei MORITZ FIEGE GmbH & Co. KG,YES,4,4,0,4,0,0,CHECKED,2026-10-06T17:30:31+00:00
P22,RIEDENBURGER BRAUHAUS Michael Krieger GmbH & Co. KG,YES,4,4,0,3,0,0,CHECKED,2026-10-06T17:31:32+00:00
P23,FM-Plast GmbH,YES,6,6,0,4,0,0,CHECKED,2026-10-06T17:31:23+00:00
P24,H&K Müller GmbH & Co. KG,YES,3,3,0,3,0,0,CHECKED,2026-10-06T17:30:54+00:00
P25,Scheplast GmbH,YES,6,6,0,7,1,1,CHECKED,2026-10-07T10:15:18+00:00
P26,Barth Galvanik GmbH,YES,9,8,1,9,0,1,CHECKED,2026-10-07T10:41:37+00:00
P27,BCE Special Ceramics GmbH,YES,3,3,0,4,0,0,CHECKED,2026-10-06T17:30:16+00:00
P28,Berg Brauerei Ulrich Zimmermann GmbH & Co. KG,YES,8,8,0,8,0,0,CHECKED,2026-10-07T10:41:28+00:00
P29,Meckatzer Löwenbräu Benedikt Weiß KG,YES,4,4,0,4,0,0,CHECKED,2026-10-07T10:41:35+00:00
P30,Privat-Brauerei Zötler GmbH,YES,6,5,1,5,1,1,CHECKED,2026-10-06T17:33:27+00:00
P31,Brauerei Clemens Härle KG,YES,5,5,0,4,0,0,CHECKED,2026-10-06T17:30:49+00:00
P32,Kronenbrauerei Otto Haizmann KG,NO,1,1,0,1,0,0,CHECKED,2026-10-06T17:29:26+00:00
P33,Gindele GmbH,YES,8,8,0,8,0,1,CHECKED,2026-10-07T10:41:37+00:00
P34,KTS Kunststoff Technik Schmölln GmbH,NO,3,3,0,2,0,0,CHECKED,2026-10-07T11:14:38+00:00
P35,MACK KUNSTSTOFFTECHNIK GMBH & CO. KG,YES,6,6,0,6,0,0,CHECKED,2026-10-07T11:14:37+00:00
P36,Kunststofftechnik Borgmann GmbH,YES,6,6,0,6,1,1,CHECKED,2026-10-07T11:14:43+00:00
P37,atka Kunststoffverarbeitung GmbH,NO,1,1,0,1,0,0,CHECKED,2026-10-06T17:30:05+00:00
P38,Krämer + Eckert GmbH & Co. KG,YES,3,3,0,3,2,2,CHECKED,2026-10-07T11:14:59+00:00
P39,Eloxal Höfler GmbH,YES,6,6,0,6,0,0,CHECKED,2026-10-07T11:14:58+00:00
P40,OFTECH Oberflächentechnik GmbH & Co. KG,NO,1,1,0,1,0,0,CHECKED,2026-10-06T17:29:35+00:00
P41,"Galvano Weis, Weis GmbH & Co., Galvanische-Werkstätte KG",YES,6,6,0,6,1,1,CHECKED,2026-10-07T11:15:08+00:00
P42,OT Oberflächentechnik GmbH & Co. KG,NO,2,2,0,1,0,0,CHECKED,2026-10-06T17:41:14+00:00
P43,WZR ceramic solutions GmbH,YES,9,9,0,8,0,1,CHECKED,2026-10-06T18:02:04+00:00
P44,OXIDKERAMIK J. Cardenas GmbH,YES,6,6,0,6,1,1,CHECKED,2026-10-07T11:14:50+00:00
P45,Glasmanufaktur HARZKRISTALL GmbH,YES,4,4,0,4,0,0,CHECKED,2026-10-07T11:15:08+00:00
P46,Porzellanfabrik Hermsdorf GmbH,NO,2,2,0,2,0,0,CHECKED,2026-10-06T17:31:23+00:00
P47,hofmann CERAMiC GmbH,NO,2,2,0,2,0,0,CHECKED,2026-10-06T17:30:55+00:00
P50,Brauerei Aying Franz Inselkammer KG,YES,8,8,0,7,0,0,CHECKED,2026-10-07T11:15:12+00:00
P51,Distelhäuser Brauerei Ernst Bauer GmbH & Co. KG,YES,5,5,0,4,0,0,CHECKED,2026-10-07T11:14:52+00:00
P52,Glauner GmbH,YES,5,4,1,4,1,1,CHECKED,2026-10-07T11:14:30+00:00
P53,Brauerei Rittmayer Hallerndorf GmbH & Co. KG,YES,3,3,0,2,0,0,CHECKED,2026-10-06T17:29:42+00:00
P54,Privatbrauerei Waldhaus Joh. Schmid GmbH,YES,5,5,0,4,0,0,CHECKED,2026-10-07T11:15:16+00:00
P55,Merschbrock Kunststoff Spritzguss GmbH,YES,5,5,0,6,0,0,CHECKED,2026-10-07T11:15:12+00:00
P56,Spritzguß Müller GmbH,NO,2,2,0,2,0,0,CHECKED,2026-10-06T17:31:39+00:00
P57,Stocker Kunststoff GmbH,NO,2,2,0,2,0,0,CHECKED,2026-10-06T17:31:41+00:00
P58,Dorn Spritzguss GmbH,NO,4,4,0,2,0,0,CHECKED,2026-10-06T17:30:30+00:00
P59,AK Kunststoffspritzguss GmbH & Co. KG,NO,2,2,0,2,0,0,CHECKED,2026-10-06T17:29:09+00:00
P60,HARTCHROM Beck GmbH,NO,2,1,1,3,0,1,CHECKED,2026-10-06T17:30:51+00:00
P61,Galvanik-Horstmann GmbH,NO,3,3,0,2,0,0,CHECKED,2026-10-06T17:30:42+00:00
P62,Galvanotechnik Kessel GmbH & Co. KG,NO,3,3,0,2,0,0,CHECKED,2026-10-06T17:31:53+00:00
P63,OTK Oberflächentechnik Kaltenkirchen GmbH,NO,2,2,0,2,0,0,CHECKED,2026-10-06T17:31:53+00:00
P64,Wieland Metalloberflächentechnik GmbH,NO,2,2,0,2,0,0,CHECKED,2026-10-06T17:31:46+00:00
P65,Porzellanmanufaktur FÜRSTENBERG GmbH,NO,2,2,0,2,0,0,CHECKED,2026-10-06T17:30:41+00:00
P66,KPM Königliche Porzellan-Manufaktur Berlin GmbH,NO,2,2,0,2,0,0,CHECKED,2026-10-06T17:31:40+00:00
P67,DOCERAM GmbH,NO,3,3,0,2,0,0,CHECKED,2026-10-06T17:41:14+00:00
P68,TechnoKer GmbH,NO,2,2,0,2,0,0,CHECKED,2026-10-06T17:29:56+00:00
P70,ceram GmbH,NO,4,4,0,2,0,0,CHECKED,2026-10-06T17:30:24+00:00
P71,Flötzinger Brauerei Franz Steegmüller GmbH & Co. KG,NO,1,1,0,2,0,0,CHECKED,2026-10-06T17:30:33+00:00
P72,Hofbräuhaus Traunstein Josef Sailer GmbH & Co. KG,NO,1,1,0,2,0,0,CHECKED,2026-10-06T17:30:53+00:00
P73,Brauerei-Gasthof Kundmüller GmbH,NO,1,1,0,2,0,0,CHECKED,2026-10-06T17:30:16+00:00
P74,Brauerei Gebr. Maisel GmbH & Co. KG,NO,1,1,0,2,0,0,CHECKED,2026-10-06T17:31:07+00:00
P75,Privatbrauerei J.B. Falter Regen KG,NO,2,2,0,2,0,0,CHECKED,2026-10-06T17:30:55+00:00
P76,Si-Tech Singer GmbH,NO,3,3,0,3,0,1,CHECKED,2026-10-06T17:37:13+00:00
P77,metak GmbH & Co. KG,NO,2,2,0,2,0,0,CHECKED,2026-10-06T17:31:07+00:00
P78,Erlemann & Huckenbeck GmbH & Co. KG,NO,2,1,1,3,1,1,CHECKED,2026-10-06T17:35:16+00:00
P79,Langer GmbH & Co. KG,NO,2,2,0,2,0,0,CHECKED,2026-10-06T17:31:07+00:00
P80,MKT Metall- und Kunststofftechnik GmbH,NO,2,2,0,2,0,0,CHECKED,2026-10-06T17:31:09+00:00
P81,Eloxalwerk Ludwigsburg Helmut Zerrer GmbH,NO,2,2,0,2,0,0,CHECKED,2026-10-06T17:29:20+00:00
P82,Galvanotec-Hagen GmbH & Co. KG,NO,1,1,0,2,0,0,CHECKED,2026-10-06T17:30:47+00:00
P83,Gerbracht & Mönch Galvanotechnik GmbH,NO,2,2,0,2,0,0,CHECKED,2026-10-06T17:30:47+00:00
P84,Sauer Oberflächentechnik GmbH,NO,3,3,0,2,0,0,CHECKED,2026-10-06T17:29:43+00:00
P85,Die Schweizer Galvanotechnic GmbH & Co. KG,NO,2,2,0,2,0,0,CHECKED,2026-10-06T17:41:14+00:00
P86,GIESS- TECHNISCHE- SONDERKERAMIK GmbH & Co. KG,NO,1,1,0,2,0,0,CHECKED,2026-10-06T17:29:26+00:00
P87,Ceramany GmbH,NO,3,3,0,2,0,0,CHECKED,2026-10-06T17:29:18+00:00
P88,Ceramaret Meissen GmbH,NO,2,2,0,2,0,0,CHECKED,2026-10-06T17:29:18+00:00
P89,TECHNISCHE KERAMIK FRÖMGEN GMBH,NO,2,2,0,2,0,0,CHECKED,2026-10-06T17:41:14+00:00
P90,InnoKeramik & Technik GmbH,NO,2,2,0,2,0,0,CHECKED,2026-10-06T17:29:30+00:00
P91,Brauerei S. Riegele Inh. Riegele KG,NO,2,2,0,2,0,0,CHECKED,2026-10-06T17:31:32+00:00
P92,Familienbrauerei M. Ketterer GmbH & Co. KG,NO,2,2,0,2,0,0,CHECKED,2026-10-06T17:30:55+00:00
P93,Brauerei Schimpfle GmbH & Co. KG,NO,4,2,2,3,0,1,CHECKED,2026-10-06T17:41:14+00:00
P94,Brauerei zum Kuchlbauer GmbH & Co. KG,NO,2,2,0,2,0,0,CHECKED,2026-10-06T17:29:32+00:00
P95,Winkler-Bräu GmbH & Co. KG,NO,4,2,2,3,0,1,CHECKED,2026-10-06T17:41:14+00:00
P96,PEKA Spritzguss GmbH,NO,1,1,0,2,0,0,CHECKED,2026-10-06T17:31:22+00:00
P97,Peltzer & Co. GmbH,NO,2,2,0,2,0,0,CHECKED,2026-10-06T17:31:20+00:00
P98,Robert Frank GmbH & Co. KG,NO,2,2,0,2,0,0,CHECKED,2026-10-06T17:30:40+00:00
P99,Kunststofftechnik Breitungen GmbH & Co. KG,NO,1,1,0,2,0,0,CHECKED,2026-10-06T17:30:58+00:00
P100,Kläger Spritzguss GmbH & Co. KG,NO,2,2,0,2,0,0,CHECKED,2026-10-06T17:29:32+00:00
P101,Metoba Metalloberflächenbearbeitung GmbH,NO,2,2,0,2,0,0,CHECKED,2026-10-06T17:31:08+00:00
P102,Rudolf Clauss GmbH & Co. KG,NO,2,2,0,2,0,0,CHECKED,2026-10-06T17:41:14+00:00
P103,Metallveredelung Gebrüder Wigl GmbH,NO,1,1,0,2,0,0,CHECKED,2026-10-06T17:31:48+00:00
P104,Holder GmbH Oberflächentechnik,NO,2,2,0,2,0,0,CHECKED,2026-10-06T17:29:29+00:00
P105,Dresdner Silber und Metallveredlung GmbH,NO,3,3,0,2,0,0,CHECKED,2026-10-06T17:41:14+00:00
P106,Felix Vuckovic - Technische Keramik GmbH,NO,2,2,0,2,0,0,CHECKED,2026-10-06T17:30:42+00:00
P107,Dibbern Porzellanmanufaktur GmbH,NO,4,2,2,4,1,2,CHECKED,2026-10-06T17:38:18+00:00
P108,Porzellanmanufaktur Reichenbach GmbH,NO,2,2,0,2,0,0,CHECKED,2026-10-06T17:29:40+00:00
P109,Porzellan Manufaktur Nymphenburg GmbH & Co. KG,NO,2,2,0,2,0,0,CHECKED,2026-10-06T17:31:15+00:00
P110,Neue Porzellanfabrik Triptis GmbH,NO,3,2,1,3,0,1,CHECKED,2026-10-06T17:35:16+00:00
